solid "windmill_hollow"
  facet normal -0.48998066783 0.591126859188 0.640693366528
    outer loop
      vertex 76.8748779297 173.485229492 85.9208984375
      vertex 72.8828887939 178.485229492 88.0312194824
      vertex 67.371887207 173.485229492 78.0439376831
    endloop
  endfacet
  facet normal -0.87201154232 0.489221513271 0.0160672049969
    outer loop
      vertex 67.371887207 173.485229492 78.0439376831
      vertex 72.8828887939 178.485229492 88.0312194824
      vertex 66.7240142822 178.485229492 77.0533447266
    endloop
  endfacet
  facet normal -0.947561740875 0.313771158457 0.0606164671481
    outer loop
      vertex 67.371887207 173.485229492 78.0439376831
      vertex 66.7240142822 178.485229492 77.0533447266
      vertex 60.5619392395 178.485229492 58.4444160461
    endloop
  endfacet
  facet normal -0.931066989899 0.349885493517 -0.103413946927
    outer loop
      vertex 67.371887207 173.485229492 78.0439376831
      vertex 60.5619392395 178.485229492 58.4444160461
      vertex 60.5915565491 173.485229492 60.0010566711
    endloop
  endfacet
  facet normal -0.996296107769 -0.0802507176995 0.0308858994395
    outer loop
      vertex 60.5915565491 173.485229492 60.0010566711
      vertex 60.5619392395 178.485229492 58.4444160461
      vertex 61.8767623901 173.485229492 44.0454902649
    endloop
  endfacet
  facet normal -0.986917316914 -0.125335797668 -0.10141569376
    outer loop
      vertex 61.8767623901 173.485229492 44.0454902649
      vertex 60.5619392395 178.485229492 58.4444160461
      vertex 62.7634735107 178.485229492 41.1091041565
    endloop
  endfacet
  facet normal -0.838097274303 -0.522136271 0.158008471131
    outer loop
      vertex 61.8767623901 173.485229492 44.0454902649
      vertex 62.7634735107 178.485229492 41.1091041565
      vertex 75.8556365967 178.485229492 20.0944595337
    endloop
  endfacet
  facet normal -0.857335627079 -0.447137653828 -0.255036354065
    outer loop
      vertex 61.8767623901 173.485229492 44.0454902649
      vertex 75.8556365967 178.485229492 20.0944595337
      vertex 71.7112808228 173.485229492 25.1889190674
    endloop
  endfacet
  facet normal -0.77573299408 -0.631061255932 0
    outer loop
      vertex 71.7112808228 173.485229492 25.1889190674
      vertex 75.8556365967 178.485229492 20.0944595337
      vertex 80 173.485229492 14.9999980927
    endloop
  endfacet
  facet normal 0.736644029617 -0.0617100521922 -0.673459351063
    outer loop
      vertex 75.8556365967 178.485229492 20.0944595337
      vertex 81.3106384277 178.485229492 85.2117538452
      vertex 80 173.485229492 14.9999980927
    endloop
  endfacet
  facet normal 0.749967873096 0.0330472402275 0.660648167133
    outer loop
      vertex 80 173.485229492 14.9999980927
      vertex 81.3106384277 178.485229492 85.2117538452
      vertex 76.8748779297 173.485229492 85.9208984375
    endloop
  endfacet
  facet normal 0 0 1
    outer loop
      vertex 80 173.485229492 14.9999980927
      vertex 76.8748779297 173.485229492 85.9208984375
      vertex 67.371887207 173.485229492 78.0439376831
    endloop
  endfacet
  facet normal 0 0 1
    outer loop
      vertex 80 173.485229492 14.9999980927
      vertex 67.371887207 173.485229492 78.0439376831
      vertex 61.8767623901 173.485229492 44.0454902649
    endloop
  endfacet
  facet normal 0 -0 1
    outer loop
      vertex 61.8767623901 173.485229492 44.0454902649
      vertex 67.371887207 173.485229492 78.0439376831
      vertex 60.5915565491 173.485229492 60.0010566711
    endloop
  endfacet
  facet normal 0 0 1
    outer loop
      vertex 80 173.485229492 14.9999980927
      vertex 61.8767623901 173.485229492 44.0454902649
      vertex 71.7112808228 173.485229492 25.1889190674
    endloop
  endfacet
  facet normal 0.485854297876 0.357433885336 0.797613084316
    outer loop
      vertex 70.9208984375 173.485229492 98.1251220703
      vertex 75.2605285645 178.485229492 103.38381958
      vertex 64.3883056641 173.485229492 107.004776001
    endloop
  endfacet
  facet normal 0.318443894386 0.947922945023 0.00596193410456
    outer loop
      vertex 64.3883056641 173.485229492 107.004776001
      vertex 75.2605285645 178.485229492 103.38381958
      vertex 64.1052780151 178.485229492 107.13130188
    endloop
  endfacet
  facet normal 0.402081370354 0.915603816509 0.000409760104958
    outer loop
      vertex 64.3883056641 173.485229492 107.004776001
      vertex 64.1052780151 178.485229492 107.13130188
      vertex 49.529460907 173.485229492 113.529937744
    endloop
  endfacet
  facet normal 0.413825899363 0.909356832504 0.0426414608955
    outer loop
      vertex 49.529460907 173.485229492 113.529937744
      vertex 64.1052780151 178.485229492 107.13130188
      vertex 50.0955123901 178.485229492 113.506797791
    endloop
  endfacet
  facet normal 0.118221126497 0.992948412895 0.00878921896219
    outer loop
      vertex 49.529460907 173.485229492 113.529937744
      vertex 50.0955123901 178.485229492 113.506797791
      vertex 38.7744979858 178.485229492 114.854690552
    endloop
  endfacet
  facet normal 0.0900906324387 0.993509352207 0.0694463551044
    outer loop
      vertex 49.529460907 173.485229492 113.529937744
      vertex 38.7744979858 178.485229492 114.854690552
      vertex 36.5102920532 173.485229492 114.710502625
    endloop
  endfacet
  facet normal -0.195604890585 0.978824019432 -0.0603515990078
    outer loop
      vertex 36.5102920532 173.485229492 114.710502625
      vertex 38.7744979858 178.485229492 114.854690552
      vertex 26.675151825 178.485229492 112.436798096
    endloop
  endfacet
  facet normal -0.249464452267 0.96704274416 0.0509490780532
    outer loop
      vertex 36.5102920532 173.485229492 114.710502625
      vertex 26.675151825 178.485229492 112.436798096
      vertex 24.1986789703 173.485229492 111.53452301
    endloop
  endfacet
  facet normal -0.483555436134 0.87144112587 -0.0822466909885
    outer loop
      vertex 24.1986789703 173.485229492 111.53452301
      vertex 26.675151825 178.485229492 112.436798096
      vertex 10.1889181137 178.485229492 103.288719177
    endloop
  endfacet
  facet normal -0.50723785162 0.861806094646 0
    outer loop
      vertex 24.1986789703 173.485229492 111.53452301
      vertex 10.1889181137 178.485229492 103.288719177
      vertex 10.1889181137 173.485229492 103.288719177
    endloop
  endfacet
  facet normal -0.63106149435 0.775732815266 0
    outer loop
      vertex 10.1889181137 173.485229492 103.288719177
      vertex 10.1889181137 178.485229492 103.288719177
      vertex 2.10684447666e-06 175.985229492 95
    endloop
  endfacet
  facet normal 0.00925447046757 -0.744259476662 0.667826473713
    outer loop
      vertex 2.10684447666e-06 175.985229492 95
      vertex 70.2426376343 178.485229492 93.6301727295
      vertex 70.9208984375 173.485229492 98.1251220703
    endloop
  endfacet
  facet normal -0.0223918557167 -0.263363182545 0.96443682909
    outer loop
      vertex 2.10684447666e-06 175.985229492 95
      vertex 70.9208984375 173.485229492 98.1251220703
      vertex 10.1889181137 173.485229492 103.288719177
    endloop
  endfacet
  facet normal -0 0 1
    outer loop
      vertex 10.1889181137 173.485229492 103.288719177
      vertex 70.9208984375 173.485229492 98.1251220703
      vertex 64.3883056641 173.485229492 107.004776001
    endloop
  endfacet
  facet normal 0 0 1
    outer loop
      vertex 10.1889181137 173.485229492 103.288719177
      vertex 64.3883056641 173.485229492 107.004776001
      vertex 24.1986789703 173.485229492 111.53452301
    endloop
  endfacet
  facet normal -0 0 1
    outer loop
      vertex 24.1986789703 173.485229492 111.53452301
      vertex 64.3883056641 173.485229492 107.004776001
      vertex 49.529460907 173.485229492 113.529937744
    endloop
  endfacet
  facet normal 0 0 1
    outer loop
      vertex 24.1986789703 173.485229492 111.53452301
      vertex 49.529460907 173.485229492 113.529937744
      vertex 36.5102920532 173.485229492 114.710502625
    endloop
  endfacet
  facet normal -0.359031319618 -0.682324051857 0.63681268692
    outer loop
      vertex 86.8576660156 178.485229492 87.80884552
      vertex 101.484474182 178.485229492 80.1123809814
      vertex 88.9014587402 173.485229492 91.3999252319
    endloop
  endfacet
  facet normal -0.687517702579 -0.563576102257 -0.457931607962
    outer loop
      vertex 88.9014587402 173.485229492 91.3999252319
      vertex 101.484474182 178.485229492 80.1123809814
      vertex 95.8947219849 173.485229492 82.8686981201
    endloop
  endfacet
  facet normal -0.396282553673 -0.916036009789 0.0619531534612
    outer loop
      vertex 95.8947219849 173.485229492 82.8686981201
      vertex 101.484474182 178.485229492 80.1123809814
      vertex 111.602630615 173.485229492 76.0733642578
    endloop
  endfacet
  facet normal -0.280811935663 -0.940472722054 -0.191456839442
    outer loop
      vertex 111.602630615 173.485229492 76.0733642578
      vertex 101.484474182 178.485229492 80.1123809814
      vertex 117.829200745 178.485229492 75.2320785522
    endloop
  endfacet
  facet normal -0.0476289987564 -0.993034005165 0.107772819698
    outer loop
      vertex 111.602630615 173.485229492 76.0733642578
      vertex 117.829200745 178.485229492 75.2320785522
      vertex 124.055763245 173.485229492 75.4760742188
    endloop
  endfacet
  facet normal 0.0670292899013 -0.997143507004 -0.0348119325936
    outer loop
      vertex 124.055763245 173.485229492 75.4760742188
      vertex 117.829200745 178.485229492 75.2320785522
      vertex 127.735084534 178.485229492 75.8979644775
    endloop
  endfacet
  facet normal 0.376184225082 -0.904592514038 0.200493782759
    outer loop
      vertex 124.055763245 173.485229492 75.4760742188
      vertex 127.735084534 178.485229492 75.8979644775
      vertex 142.735443115 178.485229492 82.1360168457
    endloop
  endfacet
  facet normal 0.238219454885 -0.914230465889 -0.327771395445
    outer loop
      vertex 124.055763245 173.485229492 75.4760742188
      vertex 142.735443115 178.485229492 82.1360168457
      vertex 136.650405884 173.485229492 78.7578353882
    endloop
  endfacet
  facet normal 0.516543269157 -0.854731976986 0.0511502884328
    outer loop
      vertex 136.650405884 173.485229492 78.7578353882
      vertex 142.735443115 178.485229492 82.1360168457
      vertex 149.811080933 173.485229492 86.7112808228
    endloop
  endfacet
  facet normal 0.584765791893 -0.806217968464 -0.0897860452533
    outer loop
      vertex 149.811080933 173.485229492 86.7112808228
      vertex 142.735443115 178.485229492 82.1360168457
      vertex 158.018814087 178.485229492 93.2213516235
    endloop
  endfacet
  facet normal 0.630849719048 -0.77547287941 0.0258935634047
    outer loop
      vertex 149.811080933 173.485229492 86.7112808228
      vertex 158.018814087 178.485229492 93.2213516235
      vertex 160 173.485229492 95
    endloop
  endfacet
  facet normal 0.0431609153748 0.935762166977 -0.349980443716
    outer loop
      vertex 158.018814087 178.485229492 93.2213516235
      vertex 89.7573623657 178.485229492 96.3698272705
      vertex 160 173.485229492 95
    endloop
  endfacet
  facet normal -0.0360448174179 0.71185541153 0.701400458813
    outer loop
      vertex 160 173.485229492 95
      vertex 89.7573623657 178.485229492 96.3698272705
      vertex 88.9014587402 173.485229492 91.3999252319
    endloop
  endfacet
  facet normal 0 0 1
    outer loop
      vertex 160 173.485229492 95
      vertex 88.9014587402 173.485229492 91.3999252319
      vertex 149.811080933 173.485229492 86.7112808228
    endloop
  endfacet
  facet normal 0 0 1
    outer loop
      vertex 149.811080933 173.485229492 86.7112808228
      vertex 88.9014587402 173.485229492 91.3999252319
      vertex 95.8947219849 173.485229492 82.8686981201
    endloop
  endfacet
  facet normal 0 0 1
    outer loop
      vertex 149.811080933 173.485229492 86.7112808228
      vertex 95.8947219849 173.485229492 82.8686981201
      vertex 136.650405884 173.485229492 78.7578353882
    endloop
  endfacet
  facet normal 0 0 1
    outer loop
      vertex 136.650405884 173.485229492 78.7578353882
      vertex 95.8947219849 173.485229492 82.8686981201
      vertex 111.602630615 173.485229492 76.0733642578
    endloop
  endfacet
  facet normal 0 0 1
    outer loop
      vertex 136.650405884 173.485229492 78.7578353882
      vertex 111.602630615 173.485229492 76.0733642578
      vertex 124.055763245 173.485229492 75.4760742188
    endloop
  endfacet
  facet normal 0.718575417995 -0.406362205744 0.564375042915
    outer loop
      vertex 87.1171112061 178.485229492 101.968780518
      vertex 92.004776001 178.485229492 110.611694336
      vertex 84.2281417847 173.485229492 103.804428101
    endloop
  endfacet
  facet normal 0.408687412739 -0.795497298241 -0.447390943766
    outer loop
      vertex 84.2281417847 173.485229492 103.804428101
      vertex 92.004776001 178.485229492 110.611694336
      vertex 89.4902267456 173.485229492 106.507820129
    endloop
  endfacet
  facet normal 0.879740893841 -0.472285956144 0.0547895878553
    outer loop
      vertex 89.4902267456 173.485229492 106.507820129
      vertex 92.004776001 178.485229492 110.611694336
      vertex 96.5554962158 173.485229492 119.668510437
    endloop
  endfacet
  facet normal 0.91392570734 -0.378944784403 -0.145398274064
    outer loop
      vertex 96.5554962158 173.485229492 119.668510437
      vertex 92.004776001 178.485229492 110.611694336
      vertex 98.7525177002 178.485229492 126.885665894
    endloop
  endfacet
  facet normal 0.964202523232 -0.260972201824 0.0469787120819
    outer loop
      vertex 96.5554962158 173.485229492 119.668510437
      vertex 98.7525177002 178.485229492 126.885665894
      vertex 99.7345657349 173.485229492 131.414077759
    endloop
  endfacet
  facet normal 0.970359265804 0.0505057647824 -0.236330315471
    outer loop
      vertex 99.7345657349 173.485229492 131.414077759
      vertex 98.7525177002 178.485229492 126.885665894
      vertex 97.7176589966 178.485229492 146.768203735
    endloop
  endfacet
  facet normal 0.970509946346 0.0507439225912 -0.235659748316
    outer loop
      vertex 99.7345657349 173.485229492 131.414077759
      vertex 97.7176589966 178.485229492 146.768203735
      vertex 99.2018280029 173.485229492 141.602981567
    endloop
  endfacet
  facet normal 0.935769677162 0.343973606825 0.0775713324547
    outer loop
      vertex 99.2018280029 173.485229492 141.602981567
      vertex 97.7176589966 178.485229492 146.768203735
      vertex 93.8179931641 173.485229492 156.249557495
    endloop
  endfacet
  facet normal 0.871171057224 0.455261230469 -0.183842763305
    outer loop
      vertex 93.8179931641 173.485229492 156.249557495
      vertex 97.7176589966 178.485229492 146.768203735
      vertex 88.2887191772 178.485229492 164.811080933
    endloop
  endfacet
  facet normal 0.806160211563 0.5822250247 0.105450160801
    outer loop
      vertex 93.8179931641 173.485229492 156.249557495
      vertex 88.2887191772 178.485229492 164.811080933
      vertex 82.4836273193 174.735229492 172.16973877
    endloop
  endfacet
  facet normal -0.999317109585 0.0369501113892 9.34416373339e-17
    outer loop
      vertex 82.4836273193 174.735229492 172.16973877
      vertex 80 178.485229492 105
      vertex 80 173.485229492 105
    endloop
  endfacet
  facet normal -0.0797175839543 0.021493582055 0.996585726738
    outer loop
      vertex 82.4836273193 174.735229492 172.16973877
      vertex 80 173.485229492 105
      vertex 93.8179931641 173.485229492 156.249557495
    endloop
  endfacet
  facet normal 0 0 1
    outer loop
      vertex 93.8179931641 173.485229492 156.249557495
      vertex 80 173.485229492 105
      vertex 96.5554962158 173.485229492 119.668510437
    endloop
  endfacet
  facet normal 0 0 1
    outer loop
      vertex 93.8179931641 173.485229492 156.249557495
      vertex 96.5554962158 173.485229492 119.668510437
      vertex 99.2018280029 173.485229492 141.602981567
    endloop
  endfacet
  facet normal 0 0 1
    outer loop
      vertex 99.2018280029 173.485229492 141.602981567
      vertex 96.5554962158 173.485229492 119.668510437
      vertex 99.7345657349 173.485229492 131.414077759
    endloop
  endfacet
  facet normal 0 -0 1
    outer loop
      vertex 84.2281417847 173.485229492 103.804428101
      vertex 89.4902267456 173.485229492 106.507820129
      vertex 80 173.485229492 105
    endloop
  endfacet
  facet normal 0 -0 1
    outer loop
      vertex 89.4902267456 173.485229492 106.507820129
      vertex 96.5554962158 173.485229492 119.668510437
      vertex 80 173.485229492 105
    endloop
  endfacet
  facet normal -0.170062825084 -0.985370516777 -0.0111185591668
    outer loop
      vertex 81.3106384277 178.485229492 85.2117538452
      vertex 79.6049957275 152.980133057 85.2183380127
      vertex 76.8748779297 173.485229492 85.9208984375
    endloop
  endfacet
  facet normal -0.447890043259 -0.89361768961 0.0290159992874
    outer loop
      vertex 76.8748779297 173.485229492 85.9208984375
      vertex 79.6049957275 152.980133057 85.2183380127
      vertex 72.6110534668 152.980133057 88.7237701416
    endloop
  endfacet
  facet normal -0.485346853733 -0.874124646187 0.0185626987368
    outer loop
      vertex 76.8748779297 173.485229492 85.9208984375
      vertex 72.6110534668 152.980133057 88.7237701416
      vertex 72.8828887939 178.485229492 88.0312194824
    endloop
  endfacet
  facet normal -0.904477596283 -0.426516741514 0.00194143597037
    outer loop
      vertex 72.8828887939 178.485229492 88.0312194824
      vertex 72.6110534668 152.980133057 88.7237701416
      vertex 70.2426376343 178.485229492 93.6301727295
    endloop
  endfacet
  facet normal -0.915393352509 -0.402489185333 0.00757724605501
    outer loop
      vertex 70.2426376343 178.485229492 93.6301727295
      vertex 72.6110534668 152.980133057 88.7237701416
      vertex 70.0877609253 152.980133057 94.4625778198
    endloop
  endfacet
  facet normal -0.986819863319 0.161430478096 -0.0112609853968
    outer loop
      vertex 70.2426376343 178.485229492 93.6301727295
      vertex 70.0877609253 152.980133057 94.4625778198
      vertex 70.9208984375 173.485229492 98.1251220703
    endloop
  endfacet
  facet normal 0.279355376959 -0.959965109825 0.0206764936447
    outer loop
      vertex 78.5370483398 131.304611206 85.374420166
      vertex 79.6049957275 152.980133057 85.2183380127
      vertex 86.2337875366 130.278411865 87.6363220215
    endloop
  endfacet
  facet normal 0.362093269825 -0.932119548321 -0.00644840672612
    outer loop
      vertex 86.2337875366 130.278411865 87.6363220215
      vertex 79.6049957275 152.980133057 85.2183380127
      vertex 86.6670532227 152.980133057 87.9616775513
    endloop
  endfacet
  facet normal 0.862713813782 -0.505608439445 0.00921882223338
    outer loop
      vertex 86.2337875366 130.278411865 87.6363220215
      vertex 86.6670532227 152.980133057 87.9616775513
      vertex 89.8245010376 127.874359131 93.8069534302
    endloop
  endfacet
  facet normal 0.877649724483 -0.479301005602 0.00121533661149
    outer loop
      vertex 89.8245010376 127.874359131 93.8069534302
      vertex 86.6670532227 152.980133057 87.9616775513
      vertex 89.7813720703 152.980133057 93.6643218994
    endloop
  endfacet
  facet normal 0.972138822079 0.234386742115 -0.00300162867643
    outer loop
      vertex 89.8245010376 127.874359131 93.8069534302
      vertex 89.7813720703 152.980133057 93.6643218994
      vertex 88.3960494995 132.48223877 99.6725540161
    endloop
  endfacet
  facet normal 0.993224203587 0.110941335559 0.034607052803
    outer loop
      vertex 88.3960494995 132.48223877 99.6725540161
      vertex 89.7813720703 152.980133057 93.6643218994
      vertex 89.2217712402 152.980133057 98.6742858887
    endloop
  endfacet
  facet normal 0.777209877968 0.62924104929 0.000663767277729
    outer loop
      vertex 88.3960494995 132.48223877 99.6725540161
      vertex 89.2217712402 152.980133057 98.6742858887
      vertex 85.7334136963 152.980133057 102.982940674
    endloop
  endfacet
  facet normal 0.65936166048 0.750981032848 0.0356329120696
    outer loop
      vertex 88.3960494995 132.48223877 99.6725540161
      vertex 85.7334136963 152.980133057 102.982940674
      vertex 83.450958252 137.62449646 104.258338928
    endloop
  endfacet
  facet normal 0.375009149313 0.926777899265 -0.0212344564497
    outer loop
      vertex 83.450958252 137.62449646 104.258338928
      vertex 85.7334136963 152.980133057 102.982940674
      vertex 81.0732727051 152.980133057 104.868606567
    endloop
  endfacet
  facet normal 0.0577587671578 0.997857987881 0.0307138264179
    outer loop
      vertex 83.450958252 137.62449646 104.258338928
      vertex 81.0732727051 152.980133057 104.868606567
      vertex 77.996307373 138.004318237 104.585762024
    endloop
  endfacet
  facet normal -0.154414907098 0.987919688225 -0.0130676217377
    outer loop
      vertex 77.996307373 138.004318237 104.585762024
      vertex 81.0732727051 152.980133057 104.868606567
      vertex 76.2244720459 152.980133057 104.110725403
    endloop
  endfacet
  facet normal -0.584922194481 0.809921383858 0.0435130260885
    outer loop
      vertex 77.996307373 138.004318237 104.585762024
      vertex 76.2244720459 152.980133057 104.110725403
      vertex 71.6039505005 132.48223877 99.6725540161
    endloop
  endfacet
  facet normal -0.665960669518 0.745900034904 0.0113839330152
    outer loop
      vertex 71.6039505005 132.48223877 99.6725540161
      vertex 76.2244720459 152.980133057 104.110725403
      vertex 71.5428009033 152.980133057 99.9308013916
    endloop
  endfacet
  facet normal -0.966355323792 0.257137924433 0.00612218957394
    outer loop
      vertex 71.6039505005 132.48223877 99.6725540161
      vertex 71.5428009033 152.980133057 99.9308013916
      vertex 70.0877609253 152.980133057 94.4625778198
    endloop
  endfacet
  facet normal -0.961094677448 0.276217788458 0.000883519824129
    outer loop
      vertex 71.6039505005 132.48223877 99.6725540161
      vertex 70.0877609253 152.980133057 94.4625778198
      vertex 70.0586013794 127.707168579 94.2802658081
    endloop
  endfacet
  facet normal -0.925966799259 -0.377585858107 -0.00379226985388
    outer loop
      vertex 70.0586013794 127.707168579 94.2802658081
      vertex 70.0877609253 152.980133057 94.4625778198
      vertex 72.1175918579 129.587265015 89.2498092651
    endloop
  endfacet
  facet normal -0.915371477604 -0.402479559183 -0.0102588478476
    outer loop
      vertex 72.1175918579 129.587265015 89.2498092651
      vertex 70.0877609253 152.980133057 94.4625778198
      vertex 72.6110534668 152.980133057 88.7237701416
    endloop
  endfacet
  facet normal -0.51515185833 -0.85705769062 0.00840575434268
    outer loop
      vertex 72.1175918579 129.587265015 89.2498092651
      vertex 72.6110534668 152.980133057 88.7237701416
      vertex 78.5370483398 131.304611206 85.374420166
    endloop
  endfacet
  facet normal -0.448023945093 -0.893884778023 -0.0156373325735
    outer loop
      vertex 78.5370483398 131.304611206 85.374420166
      vertex 72.6110534668 152.980133057 88.7237701416
      vertex 79.6049957275 152.980133057 85.2183380127
    endloop
  endfacet
  facet normal 0.361992567778 -0.931860327721 0.0244485307485
    outer loop
      vertex 79.6049957275 152.980133057 85.2183380127
      vertex 81.3106384277 178.485229492 85.2117538452
      vertex 86.6670532227 152.980133057 87.9616775513
    endloop
  endfacet
  facet normal 0.424006104469 -0.905618548393 0.00859550386667
    outer loop
      vertex 81.3106384277 178.485229492 85.2117538452
      vertex 86.8576660156 178.485229492 87.80884552
      vertex 86.6670532227 152.980133057 87.9616775513
    endloop
  endfacet
  facet normal 0.863334476948 -0.504543185234 0.00947547517717
    outer loop
      vertex 86.8576660156 178.485229492 87.80884552
      vertex 88.9014587402 173.485229492 91.3999252319
      vertex 86.6670532227 152.980133057 87.9616775513
    endloop
  endfacet
  facet normal 0.877548098564 -0.479245513678 0.0152661679313
    outer loop
      vertex 86.6670532227 152.980133057 87.9616775513
      vertex 88.9014587402 173.485229492 91.3999252319
      vertex 89.7813720703 152.980133057 93.6643218994
    endloop
  endfacet
  facet normal 0.981505513191 -0.190266832709 -0.0211070105433
    outer loop
      vertex 88.9014587402 173.485229492 91.3999252319
      vertex 89.7573623657 178.485229492 96.3698272705
      vertex 89.7813720703 152.980133057 93.6643218994
    endloop
  endfacet
  facet normal 0.993761122227 0.111001312733 0.0108391260728
    outer loop
      vertex 89.7813720703 152.980133057 93.6643218994
      vertex 89.7573623657 178.485229492 96.3698272705
      vertex 89.2217712402 152.980133057 98.6742858887
    endloop
  endfacet
  facet normal 0.904306590557 0.426436156034 -0.0195398051292
    outer loop
      vertex 89.7573623657 178.485229492 96.3698272705
      vertex 87.1171112061 178.485229492 101.968780518
      vertex 89.2217712402 152.980133057 98.6742858887
    endloop
  endfacet
  facet normal 0.777095854282 0.629148721695 0.0171418786049
    outer loop
      vertex 89.2217712402 152.980133057 98.6742858887
      vertex 87.1171112061 178.485229492 101.968780518
      vertex 85.7334136963 152.980133057 102.982940674
    endloop
  endfacet
  facet normal 0.530170023441 0.847876906395 -0.00495154270902
    outer loop
      vertex 87.1171112061 178.485229492 101.968780518
      vertex 84.2281417847 173.485229492 103.804428101
      vertex 85.7334136963 152.980133057 102.982940674
    endloop
  endfacet
  facet normal 0.375076413155 0.926944196224 0.0096014495939
    outer loop
      vertex 85.7334136963 152.980133057 102.982940674
      vertex 84.2281417847 173.485229492 103.804428101
      vertex 81.0732727051 152.980133057 104.868606567
    endloop
  endfacet
  facet normal 0.272088348866 0.962238371372 -0.00807580258697
    outer loop
      vertex 81.0732727051 152.980133057 104.868606567
      vertex 84.2281417847 173.485229492 103.804428101
      vertex 80 173.485229492 105
    endloop
  endfacet
  facet normal -0.121514089406 -0.992589712143 0
    outer loop
      vertex 81.0732727051 152.980133057 104.868606567
      vertex 80 173.485229492 105
      vertex 80 178.485229492 105
    endloop
  endfacet
  facet normal -0.322699487209 0.946321547031 0.0184544678777
    outer loop
      vertex 81.0732727051 152.980133057 104.868606567
      vertex 80 178.485229492 105
      vertex 75.2605285645 178.485229492 103.38381958
    endloop
  endfacet
  facet normal -0.154389634728 0.987757980824 -0.0223164539784
    outer loop
      vertex 81.0732727051 152.980133057 104.868606567
      vertex 75.2605285645 178.485229492 103.38381958
      vertex 76.2244720459 152.980133057 104.110725403
    endloop
  endfacet
  facet normal -0.665998697281 0.745942652225 0.00391124747694
    outer loop
      vertex 76.2244720459 152.980133057 104.110725403
      vertex 75.2605285645 178.485229492 103.38381958
      vertex 71.5428009033 152.980133057 99.9308013916
    endloop
  endfacet
  facet normal -0.785044491291 0.618679583073 -0.0306709241122
    outer loop
      vertex 71.5428009033 152.980133057 99.9308013916
      vertex 75.2605285645 178.485229492 103.38381958
      vertex 70.9208984375 173.485229492 98.1251220703
    endloop
  endfacet
  facet normal -0.966351985931 0.257137060165 0.0066654025577
    outer loop
      vertex 71.5428009033 152.980133057 99.9308013916
      vertex 70.9208984375 173.485229492 98.1251220703
      vertex 70.0877609253 152.980133057 94.4625778198
    endloop
  endfacet
  facet normal -0 0 -1
    outer loop
      vertex 87.1171112061 178.485229492 101.968780518
      vertex 70.2426376343 178.485229492 93.6301727295
      vertex 75.2605285645 178.485229492 103.38381958
    endloop
  endfacet
  facet normal 0 -0 -1
    outer loop
      vertex 87.1171112061 178.485229492 101.968780518
      vertex 89.7573623657 178.485229492 96.3698272705
      vertex 70.2426376343 178.485229492 93.6301727295
    endloop
  endfacet
  facet normal -0 0 -1
    outer loop
      vertex 158.018814087 178.485229492 93.2213516235
      vertex 142.735443115 178.485229492 82.1360168457
      vertex 89.7573623657 178.485229492 96.3698272705
    endloop
  endfacet
  facet normal -0 0 -1
    outer loop
      vertex 142.735443115 178.485229492 82.1360168457
      vertex 127.735084534 178.485229492 75.8979644775
      vertex 89.7573623657 178.485229492 96.3698272705
    endloop
  endfacet
  facet normal 0 0 -1
    outer loop
      vertex 89.7573623657 178.485229492 96.3698272705
      vertex 127.735084534 178.485229492 75.8979644775
      vertex 117.829200745 178.485229492 75.2320785522
    endloop
  endfacet
  facet normal 0 0 -1
    outer loop
      vertex 117.829200745 178.485229492 75.2320785522
      vertex 101.484474182 178.485229492 80.1123809814
      vertex 89.7573623657 178.485229492 96.3698272705
    endloop
  endfacet
  facet normal 0 0 -1
    outer loop
      vertex 101.484474182 178.485229492 80.1123809814
      vertex 86.8576660156 178.485229492 87.80884552
      vertex 89.7573623657 178.485229492 96.3698272705
    endloop
  endfacet
  facet normal 0 0 -1
    outer loop
      vertex 89.7573623657 178.485229492 96.3698272705
      vertex 86.8576660156 178.485229492 87.80884552
      vertex 72.8828887939 178.485229492 88.0312194824
    endloop
  endfacet
  facet normal -0 0 -1
    outer loop
      vertex 86.8576660156 178.485229492 87.80884552
      vertex 81.3106384277 178.485229492 85.2117538452
      vertex 72.8828887939 178.485229492 88.0312194824
    endloop
  endfacet
  facet normal 0 -0 -1
    outer loop
      vertex 72.8828887939 178.485229492 88.0312194824
      vertex 81.3106384277 178.485229492 85.2117538452
      vertex 66.7240142822 178.485229492 77.0533447266
    endloop
  endfacet
  facet normal 0 -0 -1
    outer loop
      vertex 66.7240142822 178.485229492 77.0533447266
      vertex 81.3106384277 178.485229492 85.2117538452
      vertex 60.5619392395 178.485229492 58.4444160461
    endloop
  endfacet
  facet normal 0 0 -1
    outer loop
      vertex 60.5619392395 178.485229492 58.4444160461
      vertex 81.3106384277 178.485229492 85.2117538452
      vertex 62.7634735107 178.485229492 41.1091041565
    endloop
  endfacet
  facet normal 0 0 -1
    outer loop
      vertex 62.7634735107 178.485229492 41.1091041565
      vertex 81.3106384277 178.485229492 85.2117538452
      vertex 75.8556365967 178.485229492 20.0944595337
    endloop
  endfacet
  facet normal 0 0 -1
    outer loop
      vertex 72.8828887939 178.485229492 88.0312194824
      vertex 70.2426376343 178.485229492 93.6301727295
      vertex 89.7573623657 178.485229492 96.3698272705
    endloop
  endfacet
  facet normal -0.0392454229295 -0.244015276432 -0.968976974487
    outer loop
      vertex 2.10684447666e-06 175.985229492 95
      vertex 10.1889181137 178.485229492 103.288719177
      vertex 70.2426376343 178.485229492 93.6301727295
    endloop
  endfacet
  facet normal 0 0 -1
    outer loop
      vertex 70.2426376343 178.485229492 93.6301727295
      vertex 10.1889181137 178.485229492 103.288719177
      vertex 26.675151825 178.485229492 112.436798096
    endloop
  endfacet
  facet normal 0 0 -1
    outer loop
      vertex 70.2426376343 178.485229492 93.6301727295
      vertex 26.675151825 178.485229492 112.436798096
      vertex 38.7744979858 178.485229492 114.854690552
    endloop
  endfacet
  facet normal 0 0 -1
    outer loop
      vertex 70.2426376343 178.485229492 93.6301727295
      vertex 38.7744979858 178.485229492 114.854690552
      vertex 50.0955123901 178.485229492 113.506797791
    endloop
  endfacet
  facet normal 0 0 -1
    outer loop
      vertex 50.0955123901 178.485229492 113.506797791
      vertex 64.1052780151 178.485229492 107.13130188
      vertex 70.2426376343 178.485229492 93.6301727295
    endloop
  endfacet
  facet normal 0 0 -1
    outer loop
      vertex 64.1052780151 178.485229492 107.13130188
      vertex 75.2605285645 178.485229492 103.38381958
      vertex 70.2426376343 178.485229492 93.6301727295
    endloop
  endfacet
  facet normal 0 0 -1
    outer loop
      vertex 87.1171112061 178.485229492 101.968780518
      vertex 75.2605285645 178.485229492 103.38381958
      vertex 80 178.485229492 105
    endloop
  endfacet
  facet normal 0 0 -1
    outer loop
      vertex 87.1171112061 178.485229492 101.968780518
      vertex 80 178.485229492 105
      vertex 92.004776001 178.485229492 110.611694336
    endloop
  endfacet
  facet normal -0 0 -1
    outer loop
      vertex 92.004776001 178.485229492 110.611694336
      vertex 80 178.485229492 105
      vertex 98.7525177002 178.485229492 126.885665894
    endloop
  endfacet
  facet normal -0 0 -1
    outer loop
      vertex 98.7525177002 178.485229492 126.885665894
      vertex 80 178.485229492 105
      vertex 97.7176589966 178.485229492 146.768203735
    endloop
  endfacet
  facet normal -0 0 -1
    outer loop
      vertex 97.7176589966 178.485229492 146.768203735
      vertex 80 178.485229492 105
      vertex 88.2887191772 178.485229492 164.811080933
    endloop
  endfacet
  facet normal -0.48048761487 0.0665867775679 -0.874470055103
    outer loop
      vertex 88.2887191772 178.485229492 164.811080933
      vertex 80 178.485229492 105
      vertex 82.4836273193 174.735229492 172.16973877
    endloop
  endfacet
  facet normal -0.957612037659 0.28801971674 0.00488397898152
    outer loop
      vertex 16.2277565002 89.0979766846 45
      vertex 2.68421959877 90.852142334 8.0831523519e-07
      vertex 2.81246209145 65.7073898315 8.0831523519e-07
    endloop
  endfacet
  facet normal -0.931493699551 0.288962393999 -0.220953017473
    outer loop
      vertex 16.2277565002 89.0979766846 45
      vertex 5.5691652298 103.01449585 8.0831523519e-07
      vertex 2.68421959877 90.852142334 8.0831523519e-07
    endloop
  endfacet
  facet normal -0.897729694843 0.309569150209 -0.313445985317
    outer loop
      vertex 16.2277565002 89.0979766846 45
      vertex 23.6854534149 110.457305908 45
      vertex 5.5691652298 103.01449585 8.0831523519e-07
    endloop
  endfacet
  facet normal -0.855166196823 0.27121463418 -0.441739082336
    outer loop
      vertex 23.6854534149 110.457305908 45
      vertex 16.0170650482 123.24066925 8.0831523519e-07
      vertex 5.5691652298 103.01449585 8.0831523519e-07
    endloop
  endfacet
  facet normal -0.766696870327 0.292938530445 -0.571281790733
    outer loop
      vertex 23.6854534149 110.457305908 45
      vertex 33.7001991272 123.897743225 45
      vertex 16.0170650482 123.24066925 8.0831523519e-07
    endloop
  endfacet
  facet normal -0.682538986206 0.258226335049 -0.683710217476
    outer loop
      vertex 33.7001991272 123.897743225 45
      vertex 35.3030052185 142.49357605 8.0831523519e-07
      vertex 16.0170650482 123.24066925 8.0831523519e-07
    endloop
  endfacet
  facet normal -0.614599108696 0.282473534346 -0.736530125141
    outer loop
      vertex 33.7001991272 123.897743225 45
      vertex 44.0664253235 132.547851562 45
      vertex 35.3030052185 142.49357605 8.0831523519e-07
    endloop
  endfacet
  facet normal -0.438379704952 0.274525076151 -0.855838298798
    outer loop
      vertex 44.0664253235 132.547851562 45
      vertex 56.35704422 138.843383789 45
      vertex 35.3030052185 142.49357605 8.0831523519e-07
    endloop
  endfacet
  facet normal -0.246086031199 0.300954401493 -0.921340405941
    outer loop
      vertex 56.35704422 138.843383789 45
      vertex 58.186882019 122.999710083 95
      vertex 70.9070205688 142.729629517 45
    endloop
  endfacet
  facet normal -0.246797144413 0.292078852654 -0.924002766609
    outer loop
      vertex 56.35704422 138.843383789 45
      vertex 70.9070205688 142.729629517 45
      vertex 59.1145019531 153.804473877 8.0831523519e-07
    endloop
  endfacet
  facet normal -0.135612979531 0.270134031773 -0.953224360943
    outer loop
      vertex 70.9070205688 142.729629517 45
      vertex 80.6338272095 156.865982056 8.0831523519e-07
      vertex 59.1145019531 153.804473877 8.0831523519e-07
    endloop
  endfacet
  facet normal -0.0193193610758 0.295841902494 -0.955041527748
    outer loop
      vertex 70.9070205688 142.729629517 45
      vertex 85.9619979858 143.034164429 45
      vertex 80.6338272095 156.865982056 8.0831523519e-07
    endloop
  endfacet
  facet normal 0.100618325174 0.281412035227 -0.954297244549
    outer loop
      vertex 85.9619979858 143.034164429 45
      vertex 95.7268753052 155.274612427 8.0831523519e-07
      vertex 80.6338272095 156.865982056 8.0831523519e-07
    endloop
  endfacet
  facet normal 0.201441496611 0.297554701567 -0.933210849762
    outer loop
      vertex 85.9619979858 143.034164429 45
      vertex 101.906845093 139.592346191 45
      vertex 95.7268753052 155.274612427 8.0831523519e-07
    endloop
  endfacet
  facet normal 0.323119968176 0.271556466818 -0.906559765339
    outer loop
      vertex 101.906845093 139.592346191 45
      vertex 114.978645325 148.412811279 8.0831523519e-07
      vertex 95.7268753052 155.274612427 8.0831523519e-07
    endloop
  endfacet
  facet normal 0.426386088133 0.291686683893 -0.856220662594
    outer loop
      vertex 101.906845093 139.592346191 45
      vertex 114.831680298 133.155944824 45
      vertex 114.978645325 148.412811279 8.0831523519e-07
    endloop
  endfacet
  facet normal 0.57407605648 0.264589071274 -0.774873733521
    outer loop
      vertex 114.831680298 133.155944824 45
      vertex 136.479782104 132.483383179 8.0831523519e-07
      vertex 114.978645325 148.412811279 8.0831523519e-07
    endloop
  endfacet
  facet normal 0.59503108263 0.274963885546 -0.755203843117
    outer loop
      vertex 114.831680298 133.155944824 45
      vertex 125.678535461 124.60962677 45
      vertex 136.479782104 132.483383179 8.0831523519e-07
    endloop
  endfacet
  facet normal 0.77515411377 0.28473752737 -0.563968658447
    outer loop
      vertex 125.678535461 124.60962677 45
      vertex 137.005401611 109.041267395 45
      vertex 136.479782104 132.483383179 8.0831523519e-07
    endloop
  endfacet
  facet normal 0.760962605476 0.292734354734 -0.579001307487
    outer loop
      vertex 137.005401611 109.041267395 45
      vertex 148.062820435 117.260177612 8.0831523519e-07
      vertex 136.479782104 132.483383179 8.0831523519e-07
    endloop
  endfacet
  facet normal 0.890064001083 0.283850431442 -0.356672078371
    outer loop
      vertex 137.005401611 109.041267395 45
      vertex 155.66394043 98.291847229 8.0831523519e-07
      vertex 148.062820435 117.260177612 8.0831523519e-07
    endloop
  endfacet
  facet normal 0.899997770786 0.296942800283 -0.319106608629
    outer loop
      vertex 137.005401611 109.041267395 45
      vertex 143.741699219 90.0424194336 45
      vertex 155.66394043 98.291847229 8.0831523519e-07
    endloop
  endfacet
  facet normal 0.950188934803 0.277687013149 -0.141530618072
    outer loop
      vertex 143.741699219 90.0424194336 45
      vertex 158.395980835 79.949760437 8.0831523519e-07
      vertex 155.66394043 98.291847229 8.0831523519e-07
    endloop
  endfacet
  facet normal 0.951413869858 0.307779461145 -0.00913646444678
    outer loop
      vertex 143.741699219 90.0424194336 45
      vertex 143.942626953 69.1199111938 45
      vertex 158.395980835 79.949760437 8.0831523519e-07
    endloop
  endfacet
  facet normal 0.954442918301 0.286391168833 0.0837783962488
    outer loop
      vertex 143.942626953 69.1199111938 45
      vertex 156.985580444 63.881690979 8.0831523519e-07
      vertex 158.395980835 79.949760437 8.0831523519e-07
    endloop
  endfacet
  facet normal 0.924500524998 0.295927911997 0.240261256695
    outer loop
      vertex 143.942626953 69.1199111938 45
      vertex 154.024154663 52.4864501953 8.0831523519e-07
      vertex 156.985580444 63.881690979 8.0831523519e-07
    endloop
  endfacet
  facet normal 0.905491411686 0.309986501932 0.289816588163
    outer loop
      vertex 143.942626953 69.1199111938 45
      vertex 137.282684326 48.311882019 45
      vertex 154.024154663 52.4864501953 8.0831523519e-07
    endloop
  endfacet
  facet normal 0.862827777863 0.282086491585 0.419470399618
    outer loop
      vertex 137.282684326 48.311882019 45
      vertex 146.892791748 37.8176193237 8.0831523519e-07
      vertex 154.024154663 52.4864501953 8.0831523519e-07
    endloop
  endfacet
  facet normal 0.792932868004 0.29381904006 0.533786356449
    outer loop
      vertex 137.282684326 48.311882019 45
      vertex 128.702331543 35.5658721924 45
      vertex 146.892791748 37.8176193237 8.0831523519e-07
    endloop
  endfacet
  facet normal 0.766196966171 0.28079867363 0.578008949757
    outer loop
      vertex 128.702331543 35.5658721924 45
      vertex 136.848388672 24.5029716492 8.0831523519e-07
      vertex 146.892791748 37.8176193237 8.0831523519e-07
    endloop
  endfacet
  facet normal 0.633174180984 0.290948361158 0.717244327068
    outer loop
      vertex 128.702331543 35.5658721924 45
      vertex 117.414558411 25.6011619568 45
      vertex 136.848388672 24.5029716492 8.0831523519e-07
    endloop
  endfacet
  facet normal 0.627221345901 0.288528382778 0.723425745964
    outer loop
      vertex 117.414558411 25.6011619568 45
      vertex 125.379737854 14.5594711304 8.0831523519e-07
      vertex 136.848388672 24.5029716492 8.0831523519e-07
    endloop
  endfacet
  facet normal 0.437777638435 0.286589562893 0.852183759212
    outer loop
      vertex 117.414558411 25.6011619568 45
      vertex 107.039932251 5.13807868958 8.0831523519e-07
      vertex 125.379737854 14.5594711304 8.0831523519e-07
    endloop
  endfacet
  facet normal 0.453247666359 0.280288636684 0.846170663834
    outer loop
      vertex 117.414558411 25.6011619568 45
      vertex 102.772277832 17.7580890656 45
      vertex 107.039932251 5.13807868958 8.0831523519e-07
    endloop
  endfacet
  facet normal 0.199579149485 0.28209605813 0.938397586346
    outer loop
      vertex 102.772277832 17.7580890656 45
      vertex 84.8600616455 13.9485044479 45
      vertex 107.039932251 5.13807868958 8.0831523519e-07
    endloop
  endfacet
  facet normal 0.212688475847 0.287660717964 0.933817386627
    outer loop
      vertex 84.8600616455 13.9485044479 45
      vertex 86.3748779297 0.431355923414 8.0831523519e-07
      vertex 107.039932251 5.13807868958 8.0831523519e-07
    endloop
  endfacet
  facet normal -0.0701352357864 0.284808009863 0.956015408039
    outer loop
      vertex 84.8600616455 13.9485044479 45
      vertex 64.0708694458 2.06762313843 8.0831523519e-07
      vertex 86.3748779297 0.431355923414 8.0831523519e-07
    endloop
  endfacet
  facet normal -0.0594244040549 0.280395239592 0.958043456078
    outer loop
      vertex 84.8600616455 13.9485044479 45
      vertex 66.2716674805 15.101483345 45
      vertex 64.0708694458 2.06762313843 8.0831523519e-07
    endloop
  endfacet
  facet normal -0.35906457901 0.275812864304 0.891627669334
    outer loop
      vertex 66.2716674805 15.101483345 45
      vertex 46.9821434021 22.8695068359 45
      vertex 64.0708694458 2.06762313843 8.0831523519e-07
    endloop
  endfacet
  facet normal -0.353905051947 0.278359502554 0.892898201942
    outer loop
      vertex 46.9821434021 22.8695068359 45
      vertex 38.2089500427 12.3181362152 8.0831523519e-07
      vertex 64.0708694458 2.06762313843 8.0831523519e-07
    endloop
  endfacet
  facet normal -0.637699902058 0.29150557518 0.712996006012
    outer loop
      vertex 46.9821434021 22.8695068359 45
      vertex 19.9351043701 28.6621646881 8.0831523519e-07
      vertex 38.2089500427 12.3181362152 8.0831523519e-07
    endloop
  endfacet
  facet normal -0.589007139206 0.255321532488 0.766734302044
    outer loop
      vertex 46.9821434021 22.8695068359 45
      vertex 33.7001991272 33.0727272034 45
      vertex 19.9351043701 28.6621646881 8.0831523519e-07
    endloop
  endfacet
  facet normal -0.758609116077 0.289272338152 0.583809614182
    outer loop
      vertex 33.7001991272 33.0727272034 45
      vertex 23.9394874573 45.7559127808 45
      vertex 19.9351043701 28.6621646881 8.0831523519e-07
    endloop
  endfacet
  facet normal -0.816074848175 0.267272651196 0.51243263483
    outer loop
      vertex 23.9394874573 45.7559127808 45
      vertex 7.77848863602 48.022190094 8.0831523519e-07
      vertex 19.9351043701 28.6621646881 8.0831523519e-07
    endloop
  endfacet
  facet normal -0.89110314846 0.303011864424 0.33781504631
    outer loop
      vertex 23.9394874573 45.7559127808 45
      vertex 16.9507694244 64.1910552979 45
      vertex 7.77848863602 48.022190094 8.0831523519e-07
    endloop
  endfacet
  facet normal -0.92382735014 0.281511098146 0.259411901236
    outer loop
      vertex 16.9507694244 64.1910552979 45
      vertex 2.81246209145 65.7073898315 8.0831523519e-07
      vertex 7.77848863602 48.022190094 8.0831523519e-07
    endloop
  endfacet
  facet normal -0.953921914101 0.29877448082 0.0276909656823
    outer loop
      vertex 16.9507694244 64.1910552979 45
      vertex 16.2277565002 89.0979766846 45
      vertex 2.81246209145 65.7073898315 8.0831523519e-07
    endloop
  endfacet
  facet normal -0.413815796375 0.264275044203 -0.871157407761
    outer loop
      vertex 56.35704422 138.843383789 45
      vertex 59.1145019531 153.804473877 8.0831523519e-07
      vertex 35.3030052185 142.49357605 8.0831523519e-07
    endloop
  endfacet
  facet normal -0.340922087431 0.268746078014 -0.900859415531
    outer loop
      vertex 58.186882019 122.999710083 95
      vertex 70.0586013794 127.707168579 94.2802658081
      vertex 70.9070205688 142.729629517 45
    endloop
  endfacet
  facet normal -0.165912777185 0.284934073687 -0.944079220295
    outer loop
      vertex 70.0586013794 127.707168579 94.2802658081
      vertex 72.1175918579 129.587265015 89.2498092651
      vertex 70.9070205688 142.729629517 45
    endloop
  endfacet
  facet normal -0.0828566327691 0.285815089941 -0.954696059227
    outer loop
      vertex 70.9070205688 142.729629517 45
      vertex 72.1175918579 129.587265015 89.2498092651
      vertex 78.5370483398 131.304611206 85.374420166
    endloop
  endfacet
  facet normal -0.0194412339479 0.275633364916 -0.961066246033
    outer loop
      vertex 70.9070205688 142.729629517 45
      vertex 78.5370483398 131.304611206 85.374420166
      vertex 85.9619979858 143.034164429 45
    endloop
  endfacet
  facet normal 0.0435463711619 0.286096811295 -0.957210719585
    outer loop
      vertex 85.9619979858 143.034164429 45
      vertex 78.5370483398 131.304611206 85.374420166
      vertex 86.2337875366 130.278411865 87.6363220215
    endloop
  endfacet
  facet normal 0.148878023028 0.282558053732 -0.947626650333
    outer loop
      vertex 86.2337875366 130.278411865 87.6363220215
      vertex 89.8245010376 127.874359131 93.8069534302
      vertex 85.9619979858 143.034164429 45
    endloop
  endfacet
  facet normal 0.335243225098 0.255165398121 -0.906919300556
    outer loop
      vertex 89.8245010376 127.874359131 93.8069534302
      vertex 100.560417175 123.570152283 95
      vertex 85.9619979858 143.034164429 45
    endloop
  endfacet
  facet normal 0.201023727655 0.30383464694 -0.931275427341
    outer loop
      vertex 85.9619979858 143.034164429 45
      vertex 100.560417175 123.570152283 95
      vertex 101.906845093 139.592346191 45
    endloop
  endfacet
  facet normal 0.427106261253 0.286335289478 -0.857666790485
    outer loop
      vertex 101.906845093 139.592346191 45
      vertex 100.560417175 123.570152283 95
      vertex 114.831680298 133.155944824 45
    endloop
  endfacet
  facet normal 0.567557990551 0.308353364468 -0.763410866261
    outer loop
      vertex 114.831680298 133.155944824 45
      vertex 100.560417175 123.570152283 95
      vertex 117.747909546 110.792106628 95
    endloop
  endfacet
  facet normal 0.590253889561 0.300646930933 -0.749140739441
    outer loop
      vertex 114.831680298 133.155944824 45
      vertex 117.747909546 110.792106628 95
      vertex 125.678535461 124.60962677 45
    endloop
  endfacet
  facet normal 0.776453793049 0.279269486666 -0.564914226532
    outer loop
      vertex 125.678535461 124.60962677 45
      vertex 117.747909546 110.792106628 95
      vertex 137.005401611 109.041267395 45
    endloop
  endfacet
  facet normal 0.82463234663 0.300832420588 -0.479042112827
    outer loop
      vertex 137.005401611 109.041267395 45
      vertex 117.747909546 110.792106628 95
      vertex 127.029129028 94.8152389526 95
    endloop
  endfacet
  facet normal 0.906860470772 0.272426426411 -0.321539878845
    outer loop
      vertex 137.005401611 109.041267395 45
      vertex 127.029129028 94.8152389526 95
      vertex 143.741699219 90.0424194336 45
    endloop
  endfacet
  facet normal 0.944683134556 0.304012328386 -0.12308665365
    outer loop
      vertex 143.741699219 90.0424194336 45
      vertex 127.029129028 94.8152389526 95
      vertex 129.590789795 75.1546707153 95
    endloop
  endfacet
  facet normal 0.961441457272 0.274854689837 -0.00923275947571
    outer loop
      vertex 143.741699219 90.0424194336 45
      vertex 129.590789795 75.1546707153 95
      vertex 143.942626953 69.1199111938 45
    endloop
  endfacet
  facet normal 0.927474617958 0.294085204601 0.230878099799
    outer loop
      vertex 143.942626953 69.1199111938 45
      vertex 129.590789795 75.1546707153 95
      vertex 125.347045898 58.1068916321 95
    endloop
  endfacet
  facet normal 0.915433049202 0.275924146175 0.292998552322
    outer loop
      vertex 143.942626953 69.1199111938 45
      vertex 125.347045898 58.1068916321 95
      vertex 137.282684326 48.311882019 45
    endloop
  endfacet
  facet normal 0.814164459705 0.292599320412 0.501519560814
    outer loop
      vertex 137.282684326 48.311882019 45
      vertex 125.347045898 58.1068916321 95
      vertex 117.93270874 46.0704879761 95
    endloop
  endfacet
  facet normal 0.795433104038 0.283828407526 0.535469472408
    outer loop
      vertex 137.282684326 48.311882019 45
      vertex 117.93270874 46.0704879761 95
      vertex 128.702331543 35.5658721924 45
    endloop
  endfacet
  facet normal 0.632026314735 0.28733882308 0.719707727432
    outer loop
      vertex 117.93270874 46.0704879761 95
      vertex 107.871009827 37.2346000671 95
      vertex 128.702331543 35.5658721924 45
    endloop
  endfacet
  facet normal 0.633763730526 0.288002759218 0.717912197113
    outer loop
      vertex 128.702331543 35.5658721924 45
      vertex 107.871009827 37.2346000671 95
      vertex 117.414558411 25.6011619568 45
    endloop
  endfacet
  facet normal 0.452852100134 0.283141940832 0.845432221889
    outer loop
      vertex 117.414558411 25.6011619568 45
      vertex 107.871009827 37.2346000671 95
      vertex 102.772277832 17.7580890656 45
    endloop
  endfacet
  facet normal 0.372920542955 0.30351805687 0.87681645155
    outer loop
      vertex 107.871009827 37.2346000671 95
      vertex 90.8679275513 30.0029830933 95
      vertex 102.772277832 17.7580890656 45
    endloop
  endfacet
  facet normal 0.199845820665 0.277699351311 0.939651370049
    outer loop
      vertex 102.772277832 17.7580890656 45
      vertex 90.8679275513 30.0029830933 95
      vertex 84.8600616455 13.9485044479 45
    endloop
  endfacet
  facet normal 0.080556333065 0.295935302973 0.951805114746
    outer loop
      vertex 90.8679275513 30.0029830933 95
      vertex 76.0317687988 28.7473220825 95
      vertex 84.8600616455 13.9485044479 45
    endloop
  endfacet
  facet normal -0.0595452971756 0.273621410131 0.959992527962
    outer loop
      vertex 84.8600616455 13.9485044479 45
      vertex 76.0317687988 28.7473220825 95
      vertex 66.2716674805 15.101483345 45
    endloop
  endfacet
  facet normal -0.245739907026 0.29956677556 0.921884834766
    outer loop
      vertex 66.2716674805 15.101483345 45
      vertex 76.0317687988 28.7473220825 95
      vertex 59.8976554871 33.0480728149 95
    endloop
  endfacet
  facet normal -0.359218031168 0.274377077818 0.892008781433
    outer loop
      vertex 66.2716674805 15.101483345 45
      vertex 59.8976554871 33.0480728149 95
      vertex 46.9821434021 22.8695068359 45
    endloop
  endfacet
  facet normal -0.56522411108 0.302258133888 0.767568707466
    outer loop
      vertex 46.9821434021 22.8695068359 45
      vertex 59.8976554871 33.0480728149 95
      vertex 43.0100250244 45.4838256836 95
    endloop
  endfacet
  facet normal -0.5818349123 0.296338438988 0.757397949696
    outer loop
      vertex 46.9821434021 22.8695068359 45
      vertex 43.0100250244 45.4838256836 95
      vertex 33.7001991272 33.0727272034 45
    endloop
  endfacet
  facet normal -0.759288311005 0.286420971155 0.584332346916
    outer loop
      vertex 33.7001991272 33.0727272034 45
      vertex 43.0100250244 45.4838256836 95
      vertex 23.9394874573 45.7559127808 45
    endloop
  endfacet
  facet normal -0.799252688885 0.302016079426 0.519597351551
    outer loop
      vertex 43.0100250244 45.4838256836 95
      vertex 34.0113677979 59.3257026672 95
      vertex 23.9394874573 45.7559127808 45
    endloop
  endfacet
  facet normal -0.899359285831 0.27369582653 0.340944945812
    outer loop
      vertex 23.9394874573 45.7559127808 45
      vertex 34.0113677979 59.3257026672 95
      vertex 16.9507694244 64.1910552979 45
    endloop
  endfacet
  facet normal -0.925709187984 0.292532205582 0.239765375853
    outer loop
      vertex 16.9507694244 64.1910552979 45
      vertex 34.0113677979 59.3257026672 95
      vertex 30.4257240295 73.1694946289 95
    endloop
  endfacet
  facet normal -0.963898897171 0.26479434967 0.0279805827886
    outer loop
      vertex 16.9507694244 64.1910552979 45
      vertex 30.4257240295 73.1694946289 95
      vertex 16.2277565002 89.0979766846 45
    endloop
  endfacet
  facet normal -0.954571723938 0.291198372841 -0.0632162466645
    outer loop
      vertex 16.2277565002 89.0979766846 45
      vertex 30.4257240295 73.1694946289 95
      vertex 31.488904953 89.2236099243 95
    endloop
  endfacet
  facet normal -0.907392144203 0.27616083622 -0.316819697618
    outer loop
      vertex 16.2277565002 89.0979766846 45
      vertex 31.488904953 89.2236099243 95
      vertex 23.6854534149 110.457305908 45
    endloop
  endfacet
  facet normal -0.89742410183 0.283580005169 -0.337953269482
    outer loop
      vertex 23.6854534149 110.457305908 45
      vertex 31.488904953 89.2236099243 95
      vertex 36.9496879578 103.72454834 95
    endloop
  endfacet
  facet normal -0.760394990444 0.280591368675 -0.585720062256
    outer loop
      vertex 36.9496879578 103.72454834 95
      vertex 44.2013320923 113.138793945 95
      vertex 23.6854534149 110.457305908 45
    endloop
  endfacet
  facet normal -0.768692135811 0.284690439701 -0.572768509388
    outer loop
      vertex 23.6854534149 110.457305908 45
      vertex 44.2013320923 113.138793945 95
      vertex 33.7001991272 123.897743225 45
    endloop
  endfacet
  facet normal -0.61370909214 0.287149012089 -0.735463500023
    outer loop
      vertex 33.7001991272 123.897743225 45
      vertex 44.2013320923 113.138793945 95
      vertex 44.0664253235 132.547851562 45
    endloop
  endfacet
  facet normal -0.549019396305 0.303744018078 -0.778663814068
    outer loop
      vertex 44.0664253235 132.547851562 45
      vertex 44.2013320923 113.138793945 95
      vertex 58.186882019 122.999710083 95
    endloop
  endfacet
  facet normal -0.436822921038 0.286215811968 -0.852799057961
    outer loop
      vertex 44.0664253235 132.547851562 45
      vertex 58.186882019 122.999710083 95
      vertex 56.35704422 138.843383789 45
    endloop
  endfacet
  facet normal -0.318722188473 0.947069525719 -0.0384111851454
    outer loop
      vertex 5.35614442825 76.4288330078 120
      vertex 43.1271629333 81.6380157471 132.5
      vertex 8.09731578827 99.1740875244 120
    endloop
  endfacet
  facet normal -0.291726887226 0.951707839966 -0.0956429392099
    outer loop
      vertex 8.09731578827 99.1740875244 120
      vertex 43.1271629333 81.6380157471 132.5
      vertex 48.6802558899 98.5758743286 132.5
    endloop
  endfacet
  facet normal -0.290478140116 0.948957562447 -0.122890047729
    outer loop
      vertex 8.09731578827 99.1740875244 120
      vertex 48.6802558899 98.5758743286 132.5
      vertex 15.0805225372 115.680458069 120
    endloop
  endfacet
  facet normal -0.253083109856 0.947526335716 -0.195301741362
    outer loop
      vertex 15.0805225372 115.680458069 120
      vertex 48.6802558899 98.5758743286 132.5
      vertex 26.926153183 131.030700684 120
    endloop
  endfacet
  facet normal -0.217023283243 0.950875878334 -0.220762312412
    outer loop
      vertex 26.926153183 131.030700684 120
      vertex 48.6802558899 98.5758743286 132.5
      vertex 60.3949279785 110.092132568 132.5
    endloop
  endfacet
  facet normal -0.186654910445 0.945673525333 -0.266198217869
    outer loop
      vertex 26.926153183 131.030700684 120
      vertex 60.3949279785 110.092132568 132.5
      vertex 47.9058914185 145.741439819 120
    endloop
  endfacet
  facet normal -0.084503903985 0.949169337749 -0.303210616112
    outer loop
      vertex 47.9058914185 145.741439819 120
      vertex 60.3949279785 110.092132568 132.5
      vertex 79.6852340698 115.468284607 132.5
    endloop
  endfacet
  facet normal -0.0904068872333 0.950421929359 -0.29753112793
    outer loop
      vertex 47.9058914185 145.741439819 120
      vertex 79.6852340698 115.468284607 132.5
      vertex 71.0379486084 152.770278931 120
    endloop
  endfacet
  facet normal 0.0075922687538 0.947619855404 -0.319310158491
    outer loop
      vertex 71.0379486084 152.770278931 120
      vertex 79.6852340698 115.468284607 132.5
      vertex 90.9682006836 152.296386719 120
    endloop
  endfacet
  facet normal 0.11128423363 0.950939536095 -0.288668990135
    outer loop
      vertex 90.9682006836 152.296386719 120
      vertex 79.6852340698 115.468284607 132.5
      vertex 103.917053223 106.126724243 132.5
    endloop
  endfacet
  facet normal 0.100061818957 0.952969551086 -0.286071121693
    outer loop
      vertex 90.9682006836 152.296386719 120
      vertex 103.917053223 106.126724243 132.5
      vertex 117.598243713 142.981750488 120
    endloop
  endfacet
  facet normal 0.192617401481 0.948813378811 -0.250303328037
    outer loop
      vertex 117.598243713 142.981750488 120
      vertex 103.917053223 106.126724243 132.5
      vertex 133.696228027 130.593765259 120
    endloop
  endfacet
  facet normal 0.248525127769 0.951099574566 -0.183425292373
    outer loop
      vertex 133.696228027 130.593765259 120
      vertex 103.917053223 106.126724243 132.5
      vertex 145.438781738 114.683631897 120
    endloop
  endfacet
  facet normal 0.261486500502 0.956605195999 -0.128573969007
    outer loop
      vertex 145.438781738 114.683631897 120
      vertex 103.917053223 106.126724243 132.5
      vertex 116.525863647 80.4836349487 132.5
    endloop
  endfacet
  facet normal 0.283637791872 0.952779352665 -0.108448758721
    outer loop
      vertex 145.438781738 114.683631897 120
      vertex 116.525863647 80.4836349487 132.5
      vertex 152.896316528 95.1791687012 120
    endloop
  endfacet
  facet normal 0.320101946592 0.947286486626 -0.0135302096605
    outer loop
      vertex 152.896316528 95.1791687012 120
      vertex 116.525863647 80.4836349487 132.5
      vertex 153.955047607 70.1310882568 120
    endloop
  endfacet
  facet normal 0.294389843941 0.951897978783 0.0849988758564
    outer loop
      vertex 153.955047607 70.1310882568 120
      vertex 116.525863647 80.4836349487 132.5
      vertex 109.595710754 56.4813537598 132.5
    endloop
  endfacet
  facet normal 0.292523056269 0.953084647655 0.0778454244137
    outer loop
      vertex 153.955047607 70.1310882568 120
      vertex 109.595710754 56.4813537598 132.5
      vertex 147.594848633 46.2310829163 120
    endloop
  endfacet
  facet normal 0.265035450459 0.948402643204 0.174036175013
    outer loop
      vertex 147.594848633 46.2310829163 120
      vertex 109.595710754 56.4813537598 132.5
      vertex 136.937942505 30.0019359589 120
    endloop
  endfacet
  facet normal 0.200719222426 0.949545562267 0.240987583995
    outer loop
      vertex 136.937942505 30.0019359589 120
      vertex 109.595710754 56.4813537598 132.5
      vertex 118.651428223 14.7710504532 120
    endloop
  endfacet
  facet normal 0.17914994061 0.952431440353 0.246535345912
    outer loop
      vertex 118.651428223 14.7710504532 120
      vertex 109.595710754 56.4813537598 132.5
      vertex 91.5818557739 43.3912200928 132.5
    endloop
  endfacet
  facet normal 0.123496033251 0.946929633617 0.2967710495
    outer loop
      vertex 118.651428223 14.7710504532 120
      vertex 91.5818557739 43.3912200928 132.5
      vertex 96.5106506348 5.55755662918 120
    endloop
  endfacet
  facet normal 0.0234704650939 0.95016258955 0.310870051384
    outer loop
      vertex 96.5106506348 5.55755662918 120
      vertex 91.5818557739 43.3912200928 132.5
      vertex 75.3357925415 3.95886993408 120
    endloop
  endfacet
  facet normal 0.0327466465533 0.948774695396 0.314251869917
    outer loop
      vertex 75.3357925415 3.95886993408 120
      vertex 91.5818557739 43.3912200928 132.5
      vertex 74.5193099976 41.6132164001 132.5
    endloop
  endfacet
  facet normal -0.0868074521422 0.944924592972 0.315566122532
    outer loop
      vertex 75.3357925415 3.95886993408 120
      vertex 74.5193099976 41.6132164001 132.5
      vertex 47.2999839783 11.6710939407 120
    endloop
  endfacet
  facet normal -0.116207286716 0.949691474438 0.29082980752
    outer loop
      vertex 47.2999839783 11.6710939407 120
      vertex 74.5193099976 41.6132164001 132.5
      vertex 59.581035614 47.5821228027 132.5
    endloop
  endfacet
  facet normal -0.198334723711 0.944739162922 0.261019617319
    outer loop
      vertex 47.2999839783 11.6710939407 120
      vertex 59.581035614 47.5821228027 132.5
      vertex 23.2687587738 29.9311256409 120
    endloop
  endfacet
  facet normal -0.227477729321 0.951739668846 0.206023126841
    outer loop
      vertex 23.2687587738 29.9311256409 120
      vertex 59.581035614 47.5821228027 132.5
      vertex 46.7841186523 61.7116699219 132.5
    endloop
  endfacet
  facet normal -0.277258276939 0.946170866489 0.166998699307
    outer loop
      vertex 23.2687587738 29.9311256409 120
      vertex 46.7841186523 61.7116699219 132.5
      vertex 10.6070079803 50.9526977539 120
    endloop
  endfacet
  facet normal -0.310847222805 0.948746323586 0.0570478290319
    outer loop
      vertex 10.6070079803 50.9526977539 120
      vertex 46.7841186523 61.7116699219 132.5
      vertex 43.1271629333 81.6380157471 132.5
    endloop
  endfacet
  facet normal -0.305716127157 0.950035393238 0.0630108714104
    outer loop
      vertex 10.6070079803 50.9526977539 120
      vertex 43.1271629333 81.6380157471 132.5
      vertex 5.35614442825 76.4288330078 120
    endloop
  endfacet
  facet normal 0.326961129904 0.940310835838 0.0944031402469
    outer loop
      vertex 116.525863647 80.4836349487 132.5
      vertex 80 78.4852294922 145
      vertex 109.595710754 56.4813537598 132.5
    endloop
  endfacet
  facet normal 0.196727201343 0.942341148853 0.270724117756
    outer loop
      vertex 109.595710754 56.4813537598 132.5
      vertex 80 78.4852294922 145
      vertex 91.5818557739 43.3912200928 132.5
    endloop
  endfacet
  facet normal 0.0339077971876 0.944970071316 0.325394779444
    outer loop
      vertex 91.5818557739 43.3912200928 132.5
      vertex 80 78.4852294922 145
      vertex 74.5193099976 41.6132164001 132.5
    endloop
  endfacet
  facet normal -0.120888091624 0.945437967777 0.302544385195
    outer loop
      vertex 74.5193099976 41.6132164001 132.5
      vertex 80 78.4852294922 145
      vertex 59.581035614 47.5821228027 132.5
    endloop
  endfacet
  facet normal -0.243849754333 0.944331586361 0.220851004124
    outer loop
      vertex 59.581035614 47.5821228027 132.5
      vertex 80 78.4852294922 145
      vertex 46.7841186523 61.7116699219 132.5
    endloop
  endfacet
  facet normal -0.32505556941 0.943811476231 0.0596553944051
    outer loop
      vertex 46.7841186523 61.7116699219 132.5
      vertex 80 78.4852294922 145
      vertex 43.1271629333 81.6380157471 132.5
    endloop
  endfacet
  facet normal -0.311533153057 0.944730222225 -0.102136440575
    outer loop
      vertex 43.1271629333 81.6380157471 132.5
      vertex 80 78.4852294922 145
      vertex 48.6802558899 98.5758743286 132.5
    endloop
  endfacet
  facet normal -0.228344514966 0.945465743542 -0.232278600335
    outer loop
      vertex 48.6802558899 98.5758743286 132.5
      vertex 80 78.4852294922 145
      vertex 60.3949279785 110.092132568 132.5
    endloop
  endfacet
  facet normal -0.0886975303292 0.943845689297 -0.31825786829
    outer loop
      vertex 60.3949279785 110.092132568 132.5
      vertex 80 78.4852294922 145
      vertex 79.6852340698 115.468284607 132.5
    endloop
  endfacet
  facet normal 0.122865222394 0.939855396748 -0.318709820509
    outer loop
      vertex 79.6852340698 115.468284607 132.5
      vertex 80 78.4852294922 145
      vertex 103.917053223 106.126724243 132.5
    endloop
  endfacet
  facet normal 0.312410742044 0.937444627285 -0.153613612056
    outer loop
      vertex 103.917053223 106.126724243 132.5
      vertex 80 78.4852294922 145
      vertex 116.525863647 80.4836349487 132.5
    endloop
  endfacet
  facet normal -0.353632807732 -0.62957662344 -0.691792666912
    outer loop
      vertex 88.3960494995 132.48223877 99.6725540161
      vertex 90.9682006836 152.296386719 120
      vertex 89.8245010376 127.874359131 93.8069534302
    endloop
  endfacet
  facet normal 0.344313532114 -0.648248493671 -0.679133355618
    outer loop
      vertex 89.8245010376 127.874359131 93.8069534302
      vertex 90.9682006836 152.296386719 120
      vertex 100.560417175 123.570152283 95
    endloop
  endfacet
  facet normal 0.238422825933 -0.691754937172 -0.681637465954
    outer loop
      vertex 100.560417175 123.570152283 95
      vertex 90.9682006836 152.296386719 120
      vertex 117.598243713 142.981750488 120
    endloop
  endfacet
  facet normal 0.0861358344555 -0.700981140137 -0.707959055901
    outer loop
      vertex 88.3960494995 132.48223877 99.6725540161
      vertex 83.450958252 137.62449646 104.258338928
      vertex 90.9682006836 152.296386719 120
    endloop
  endfacet
  facet normal 0.00970209110528 -0.684256792068 -0.729176580906
    outer loop
      vertex 90.9682006836 152.296386719 120
      vertex 83.450958252 137.62449646 104.258338928
      vertex 77.996307373 138.004318237 104.585762024
    endloop
  endfacet
  facet normal 0.0172598510981 -0.687581181526 -0.725902378559
    outer loop
      vertex 90.9682006836 152.296386719 120
      vertex 77.996307373 138.004318237 104.585762024
      vertex 71.0379486084 152.770278931 120
    endloop
  endfacet
  facet normal -0.0667990744114 -0.705773532391 -0.705281257629
    outer loop
      vertex 71.0379486084 152.770278931 120
      vertex 77.996307373 138.004318237 104.585762024
      vertex 71.6039505005 132.48223877 99.6725540161
    endloop
  endfacet
  facet normal 0.246691957116 -0.681137800217 -0.689343452454
    outer loop
      vertex 71.0379486084 152.770278931 120
      vertex 71.6039505005 132.48223877 99.6725540161
      vertex 70.0586013794 127.707168579 94.2802658081
    endloop
  endfacet
  facet normal -0.311985969543 -0.656950592995 -0.68635314703
    outer loop
      vertex 70.0586013794 127.707168579 94.2802658081
      vertex 58.186882019 122.999710083 95
      vertex 71.0379486084 152.770278931 120
    endloop
  endfacet
  facet normal -0.206615418196 -0.703521609306 -0.679976046085
    outer loop
      vertex 71.0379486084 152.770278931 120
      vertex 58.186882019 122.999710083 95
      vertex 47.9058914185 145.741439819 120
    endloop
  endfacet
  facet normal -0.409853100777 -0.700260937214 -0.584512710571
    outer loop
      vertex 47.9058914185 145.741439819 120
      vertex 58.186882019 122.999710083 95
      vertex 26.926153183 131.030700684 120
    endloop
  endfacet
  facet normal -0.410925120115 -0.701053619385 -0.582807302475
    outer loop
      vertex 26.926153183 131.030700684 120
      vertex 58.186882019 122.999710083 95
      vertex 44.2013320923 113.138793945 95
    endloop
  endfacet
  facet normal -0.564218580723 -0.701485931873 -0.435401916504
    outer loop
      vertex 26.926153183 131.030700684 120
      vertex 44.2013320923 113.138793945 95
      vertex 15.0805225372 115.680458069 120
    endloop
  endfacet
  facet normal -0.564445376396 -0.701687216759 -0.434783220291
    outer loop
      vertex 15.0805225372 115.680458069 120
      vertex 44.2013320923 113.138793945 95
      vertex 36.9496879578 103.72454834 95
    endloop
  endfacet
  facet normal -0.665994107723 -0.702531635761 -0.250801026821
    outer loop
      vertex 15.0805225372 115.680458069 120
      vertex 36.9496879578 103.72454834 95
      vertex 31.488904953 89.2236099243 95
    endloop
  endfacet
  facet normal -0.64577883482 -0.712972104549 -0.273203998804
    outer loop
      vertex 15.0805225372 115.680458069 120
      vertex 31.488904953 89.2236099243 95
      vertex 8.09731578827 99.1740875244 120
    endloop
  endfacet
  facet normal -0.710300624371 -0.698673903942 -0.085602723062
    outer loop
      vertex 8.09731578827 99.1740875244 120
      vertex 31.488904953 89.2236099243 95
      vertex 5.35614442825 76.4288330078 120
    endloop
  endfacet
  facet normal -0.702320873737 -0.710339426994 -0.0465110056102
    outer loop
      vertex 5.35614442825 76.4288330078 120
      vertex 31.488904953 89.2236099243 95
      vertex 30.4257240295 73.1694946289 95
    endloop
  endfacet
  facet normal -0.708012700081 -0.690958082676 0.145927846432
    outer loop
      vertex 5.35614442825 76.4288330078 120
      vertex 30.4257240295 73.1694946289 95
      vertex 10.6070079803 50.9526977539 120
    endloop
  endfacet
  facet normal -0.68786585331 -0.70363253355 0.178162246943
    outer loop
      vertex 10.6070079803 50.9526977539 120
      vertex 30.4257240295 73.1694946289 95
      vertex 34.0113677979 59.3257026672 95
    endloop
  endfacet
  facet normal -0.602569580078 -0.695309460163 0.391732871532
    outer loop
      vertex 10.6070079803 50.9526977539 120
      vertex 34.0113677979 59.3257026672 95
      vertex 43.0100250244 45.4838256836 95
    endloop
  endfacet
  facet normal -0.606503486633 -0.706188321114 0.365310251713
    outer loop
      vertex 10.6070079803 50.9526977539 120
      vertex 43.0100250244 45.4838256836 95
      vertex 23.2687587738 29.9311256409 120
    endloop
  endfacet
  facet normal -0.433600276709 -0.697393894196 0.5706422925
    outer loop
      vertex 23.2687587738 29.9311256409 120
      vertex 43.0100250244 45.4838256836 95
      vertex 47.2999839783 11.6710939407 120
    endloop
  endfacet
  facet normal -0.42194917798 -0.702585756779 0.573002755642
    outer loop
      vertex 47.2999839783 11.6710939407 120
      vertex 43.0100250244 45.4838256836 95
      vertex 59.8976554871 33.0480728149 95
    endloop
  endfacet
  facet normal -0.191516458988 -0.691819965839 0.696208715439
    outer loop
      vertex 47.2999839783 11.6710939407 120
      vertex 59.8976554871 33.0480728149 95
      vertex 75.3357925415 3.95886993408 120
    endloop
  endfacet
  facet normal -0.185319632292 -0.694496512413 0.695220291615
    outer loop
      vertex 75.3357925415 3.95886993408 120
      vertex 59.8976554871 33.0480728149 95
      vertex 76.0317687988 28.7473220825 95
    endloop
  endfacet
  facet normal 0.0600621663034 -0.701981186867 0.709658324718
    outer loop
      vertex 75.3357925415 3.95886993408 120
      vertex 76.0317687988 28.7473220825 95
      vertex 90.8679275513 30.0029830933 95
    endloop
  endfacet
  facet normal 0.0534469783306 -0.704273700714 0.707913815975
    outer loop
      vertex 75.3357925415 3.95886993408 120
      vertex 90.8679275513 30.0029830933 95
      vertex 96.5106506348 5.55755662918 120
    endloop
  endfacet
  facet normal 0.273098528385 -0.703360676765 0.656278073788
    outer loop
      vertex 96.5106506348 5.55755662918 120
      vertex 90.8679275513 30.0029830933 95
      vertex 118.651428223 14.7710504532 120
    endloop
  endfacet
  facet normal 0.277354896069 -0.705558180809 0.652121067047
    outer loop
      vertex 118.651428223 14.7710504532 120
      vertex 90.8679275513 30.0029830933 95
      vertex 107.871009827 37.2346000671 95
    endloop
  endfacet
  facet normal 0.460206270218 -0.694922685623 0.552532970905
    outer loop
      vertex 118.651428223 14.7710504532 120
      vertex 107.871009827 37.2346000671 95
      vertex 136.937942505 30.0019359589 120
    endloop
  endfacet
  facet normal 0.470197796822 -0.701591193676 0.535428643227
    outer loop
      vertex 136.937942505 30.0019359589 120
      vertex 107.871009827 37.2346000671 95
      vertex 117.93270874 46.0704879761 95
    endloop
  endfacet
  facet normal 0.606775045395 -0.701513111591 0.373769164085
    outer loop
      vertex 136.937942505 30.0019359589 120
      vertex 117.93270874 46.0704879761 95
      vertex 125.347045898 58.1068916321 95
    endloop
  endfacet
  facet normal 0.589704275131 -0.708732068539 0.387230783701
    outer loop
      vertex 136.937942505 30.0019359589 120
      vertex 125.347045898 58.1068916321 95
      vertex 147.594848633 46.2310829163 120
    endloop
  endfacet
  facet normal 0.689452290535 -0.700708508492 0.183475136757
    outer loop
      vertex 147.594848633 46.2310829163 120
      vertex 125.347045898 58.1068916321 95
      vertex 153.955047607 70.1310882568 120
    endloop
  endfacet
  facet normal 0.688142180443 -0.705064833164 0.171300604939
    outer loop
      vertex 153.955047607 70.1310882568 120
      vertex 125.347045898 58.1068916321 95
      vertex 129.590789795 75.1546707153 95
    endloop
  endfacet
  facet normal 0.718868136406 -0.694482028484 -0.0303854346275
    outer loop
      vertex 153.955047607 70.1310882568 120
      vertex 129.590789795 75.1546707153 95
      vertex 152.896316528 95.1791687012 120
    endloop
  endfacet
  facet normal 0.69146925211 -0.71676582098 -0.0900943726301
    outer loop
      vertex 152.896316528 95.1791687012 120
      vertex 129.590789795 75.1546707153 95
      vertex 127.029129028 94.8152389526 95
    endloop
  endfacet
  facet normal 0.669902324677 -0.696867883205 -0.256136804819
    outer loop
      vertex 152.896316528 95.1791687012 120
      vertex 127.029129028 94.8152389526 95
      vertex 145.438781738 114.683631897 120
    endloop
  endfacet
  facet normal 0.600536882877 -0.719479739666 -0.34886148572
    outer loop
      vertex 145.438781738 114.683631897 120
      vertex 127.029129028 94.8152389526 95
      vertex 117.747909546 110.792106628 95
    endloop
  endfacet
  facet normal 0.573606908321 -0.701246619225 -0.423353612423
    outer loop
      vertex 145.438781738 114.683631897 120
      vertex 117.747909546 110.792106628 95
      vertex 133.696228027 130.593765259 120
    endloop
  endfacet
  facet normal 0.427637517452 -0.712961733341 -0.555708289146
    outer loop
      vertex 133.696228027 130.593765259 120
      vertex 117.747909546 110.792106628 95
      vertex 117.598243713 142.981750488 120
    endloop
  endfacet
  facet normal 0.415656358004 -0.717389047146 -0.559091031551
    outer loop
      vertex 117.598243713 142.981750488 120
      vertex 117.747909546 110.792106628 95
      vertex 100.560417175 123.570152283 95
    endloop
  endfacet
  facet normal -0.974965393543 0.222307771444 0.00466041453183
    outer loop
      vertex 86.8826446533 151.398788452 91.0221099854
      vertex 88.4890899658 129.479110718 97.6079101562
      vertex 87.8042221069 159.342605591 95.2303771973
    endloop
  endfacet
  facet normal -0.985973715782 0.165366843343 0.0225751716644
    outer loop
      vertex 86.8826446533 151.398788452 91.0221099854
      vertex 87.3244781494 128.132324219 90.4802398682
      vertex 88.4890899658 129.479110718 97.6079101562
    endloop
  endfacet
  facet normal -0.989831566811 0.13558794558 -0.0430043712258
    outer loop
      vertex 88.0824279785 174.515930176 92.4488525391
      vertex 86.8826446533 151.398788452 91.0221099854
      vertex 87.8042221069 159.342605591 95.2303771973
    endloop
  endfacet
  facet normal -0.326458334923 0.100187443197 0.939886927605
    outer loop
      vertex 83.6807174683 175.620956421 88.4726257324
      vertex 88.0824279785 174.515930176 92.4488525391
      vertex 82.1304855347 176.485687256 91.533454895
    endloop
  endfacet
  facet normal -0.339055001736 0.257513612509 0.904836118221
    outer loop
      vertex 82.1304855347 176.485687256 91.533454895
      vertex 88.0824279785 174.515930176 92.4488525391
      vertex 87.2283325195 175.837997437 95.9697265625
    endloop
  endfacet
  facet normal -0.168943017721 0.0504265986383 0.984335005283
    outer loop
      vertex 82.1304855347 176.485687256 91.533454895
      vertex 87.2283325195 175.837997437 95.9697265625
      vertex 84.4797134399 176.48449707 99.3807601929
    endloop
  endfacet
  facet normal -0.567312419415 0.158001825213 0.808202981949
    outer loop
      vertex 80.6856536865 137.845092773 103.363441467
      vertex 84.3595733643 135.403015137 104.063201904
      vertex 81.4011459351 138.133865356 107.409576416
    endloop
  endfacet
  facet normal -0.106540322304 -0.95188242197 0.287348240614
    outer loop
      vertex 90.2889099121 114.353904724 130.419845581
      vertex 89.1188735962 89.6619338989 138.004653931
      vertex 79.7535705566 79.9978179932 141.970214844
    endloop
  endfacet
  facet normal -0.270294815302 -0.962771058083 -0.00355470529757
    outer loop
      vertex 79.7535705566 79.9978179932 141.970214844
      vertex 91.2947540283 83.4462966919 138.742797852
      vertex 87.0912628174 73.3737487793 139.885726929
    endloop
  endfacet
  facet normal -0.040009547025 -0.964957773685 -0.259337216616
    outer loop
      vertex 79.7535705566 79.9978179932 141.970214844
      vertex 87.0912628174 73.3737487793 139.885726929
      vertex 81.2219314575 58.0826301575 136.019515991
    endloop
  endfacet
  facet normal -0.0274710375816 -0.470775991678 -0.881824970245
    outer loop
      vertex 75.9210205078 8.52438163757 118.099388123
      vertex 78.2872619629 9.53450107574 119.853393555
      vertex 85.053237915 8.78182411194 118.048721313
    endloop
  endfacet
  facet normal -0.0162273310125 0.700479328632 -0.713488161564
    outer loop
      vertex 79.4117736816 23.6889724731 102.734031677
      vertex 75.9210205078 8.52438163757 118.099388123
      vertex 85.053237915 8.78182411194 118.048721313
    endloop
  endfacet
  facet normal -0.0665895268321 0.673239588737 -0.736419916153
    outer loop
      vertex 75.2250366211 30.7024211884 94.6483001709
      vertex 79.4117736816 23.6889724731 102.734031677
      vertex 88.9248428345 31.1892986298 95.4707641602
    endloop
  endfacet
  facet normal -0.0754259973764 -0.24843172729 -0.965708315372
    outer loop
      vertex 82.2974777222 7.73545885086 18.5589008331
      vertex 94.3985137939 3.90626239777 8.0831523519e-07
      vertex 74.927520752 2.38567852974 0.000718910363503
    endloop
  endfacet
  facet normal -0.0558786727488 0.49097469449 0.869379937649
    outer loop
      vertex 76.6325531006 131.144744873 88.1812744141
      vertex 79.4053955078 129.368255615 85.3511886597
      vertex 83.4105453491 130.379470825 87.5976104736
    endloop
  endfacet
  facet normal 0.0895094648004 0.995419442654 -0.0335888974369
    outer loop
      vertex 78.8504257202 153.203445435 87.2375030518
      vertex 76.6325531006 131.144744873 88.1812744141
      vertex 83.4105453491 130.379470825 87.5976104736
    endloop
  endfacet
  facet normal -0.165967389941 0.985974133015 0.0176031515002
    outer loop
      vertex 78.8504257202 153.203445435 87.2375030518
      vertex 83.4105453491 130.379470825 87.5976104736
      vertex 83.9656143188 159.49357605 88.2108383179
    endloop
  endfacet
  facet normal -0.203874081373 0.97889238596 -0.0143188098446
    outer loop
      vertex 79.663482666 172.545303345 87.123916626
      vertex 78.8504257202 153.203445435 87.2375030518
      vertex 83.9656143188 159.49357605 88.2108383179
    endloop
  endfacet
  facet normal -0.303836584091 0.952496469021 0.020829198882
    outer loop
      vertex 83.6807174683 175.620956421 88.4726257324
      vertex 79.663482666 172.545303345 87.123916626
      vertex 83.9656143188 159.49357605 88.2108383179
    endloop
  endfacet
  facet normal 0.0738694667816 -0.970705151558 0.228636980057
    outer loop
      vertex 80.0514755249 176.447616577 101.903701782
      vertex 82.7463226318 174.227157593 102.631774902
      vertex 76.8520812988 174.923400879 102.019241333
    endloop
  endfacet
  facet normal 0.100131474435 -0.994598805904 0.02733024396
    outer loop
      vertex 76.8520812988 174.923400879 102.019241333
      vertex 82.7463226318 174.227157593 102.631774902
      vertex 78.7445068359 151.561477661 102.851715088
    endloop
  endfacet
  facet normal 0.198823347688 -0.979999125004 0.00842383690178
    outer loop
      vertex 78.7445068359 151.561477661 102.851715088
      vertex 80.6856536865 137.845092773 103.363441467
      vertex 76.0507125854 135.997116089 102.438980103
    endloop
  endfacet
  facet normal 0.370210379362 0.000834910199046 0.92894756794
    outer loop
      vertex 76.0507125854 135.997116089 102.438980103
      vertex 80.6856536865 137.845092773 103.363441467
      vertex 81.4011459351 138.133865356 107.409576416
    endloop
  endfacet
  facet normal 0.0166682079434 0.68486738205 0.728477060795
    outer loop
      vertex 85.8363113403 147.623901367 117.395965576
      vertex 72.3375091553 144.264663696 114.151344299
      vertex 81.4011459351 138.133865356 107.409576416
    endloop
  endfacet
  facet normal 0.0637515485287 0.445739239454 0.892889857292
    outer loop
      vertex 74.5873184204 147.794235229 119.346046448
      vertex 85.8363113403 147.623901367 117.395965576
      vertex 83.9282531738 148.38961792 119.202697754
    endloop
  endfacet
  facet normal 0.0279384665191 -0.949632942677 0.312116444111
    outer loop
      vertex 69.1300506592 118.702102661 128.936706543
      vertex 83.3874053955 123.993469238 127.617050171
      vertex 79.7535705566 79.9978179932 141.970214844
    endloop
  endfacet
  facet normal 0.0115746920928 -0.964794754982 -0.262749195099
    outer loop
      vertex 79.7535705566 79.9978179932 141.970214844
      vertex 81.2219314575 58.0826301575 136.019515991
      vertex 73.616973877 63.3583946228 137.365066528
    endloop
  endfacet
  facet normal 0.0448619015515 -0.950614213943 -0.307115674019
    outer loop
      vertex 73.616973877 63.3583946228 137.365066528
      vertex 81.2219314575 58.0826301575 136.019515991
      vertex 72.2943878174 35.3434181213 128.251831055
    endloop
  endfacet
  facet normal 0.0236202254891 0.70495903492 -0.708854615688
    outer loop
      vertex 73.5608139038 11.5582723618 115.127807617
      vertex 75.9210205078 8.52438163757 118.099388123
      vertex 79.4117736816 23.6889724731 102.734031677
    endloop
  endfacet
  facet normal 0.00189495820086 -0.288198649883 0.957568764687
    outer loop
      vertex 83.5716705322 143.30430603 38.075553894
      vertex 75.4258499146 140.80418396 46.328918457
      vertex 82.7904510498 154.762329102 8.0831523519e-07
    endloop
  endfacet
  facet normal 0.00868734158576 -0.282038509846 0.959363758564
    outer loop
      vertex 75.4258499146 140.80418396 46.328918457
      vertex 83.5716705322 143.30430603 38.075553894
      vertex 79.4053955078 129.368255615 85.3511886597
    endloop
  endfacet
  facet normal -0.246666714549 0.963876068592 0.100490905344
    outer loop
      vertex 77.3327636719 175.896331787 86.8768234253
      vertex 79.663482666 172.545303345 87.123916626
      vertex 83.6807174683 175.620956421 88.4726257324
    endloop
  endfacet
  facet normal -0.0983944609761 0.224087238312 0.969589293003
    outer loop
      vertex 77.3327636719 175.896331787 86.8768234253
      vertex 83.6807174683 175.620956421 88.4726257324
      vertex 82.1304855347 176.485687256 91.533454895
    endloop
  endfacet
  facet normal 0.354152113199 -0.512538552284 0.782227933407
    outer loop
      vertex 73.0282058716 176.148284912 97.5076293945
      vertex 80.0514755249 176.447616577 101.903701782
      vertex 76.8520812988 174.923400879 102.019241333
    endloop
  endfacet
  facet normal 0.697959542274 -0.558717370033 0.447981446981
    outer loop
      vertex 76.0507125854 135.997116089 102.438980103
      vertex 81.4011459351 138.133865356 107.409576416
      vertex 71.5014801025 130.983154297 100.776222229
    endloop
  endfacet
  facet normal 0.0303400773555 -0.947579801083 0.318075448275
    outer loop
      vertex 74.5873184204 147.794235229 119.346046448
      vertex 83.3874053955 123.993469238 127.617050171
      vertex 69.1300506592 118.702102661 128.936706543
    endloop
  endfacet
  facet normal -0.540274858475 -0.724817156792 -0.427484750748
    outer loop
      vertex 61.8174247742 111.687835693 130.250610352
      vertex 69.1300506592 118.702102661 128.936706543
      vertex 57.2063522339 106.734352112 130.766204834
    endloop
  endfacet
  facet normal 0.286608874798 -0.953149437904 0.0967546105385
    outer loop
      vertex 48.4759635925 93.7200927734 131.172195435
      vertex 79.7535705566 79.9978179932 141.970214844
      vertex 43.7557907104 86.415184021 130.494384766
    endloop
  endfacet
  facet normal 0.302859008312 -0.953020274639 0.00536946114153
    outer loop
      vertex 43.7557907104 86.415184021 130.494384766
      vertex 79.7535705566 79.9978179932 141.970214844
      vertex 37.993686676 73.4011764526 128.736572266
    endloop
  endfacet
  facet normal 0.303175479174 -0.95290440321 0.00760531658307
    outer loop
      vertex 37.993686676 73.4011764526 128.736572266
      vertex 79.7535705566 79.9978179932 141.970214844
      vertex 71.1658172607 72.4624786377 139.298095703
    endloop
  endfacet
  facet normal 0.0245896149427 -0.948938190937 -0.314502179623
    outer loop
      vertex 72.2943878174 35.3434181213 128.251831055
      vertex 81.2219314575 58.0826301575 136.019515991
      vertex 78.2872619629 9.53450107574 119.853393555
    endloop
  endfacet
  facet normal 0.0723793879151 0.714888870716 -0.695481956005
    outer loop
      vertex 69.3282775879 21.696767807 105.693069458
      vertex 73.5608139038 11.5582723618 115.127807617
      vertex 79.4117736816 23.6889724731 102.734031677
    endloop
  endfacet
  facet normal 0.0669519379735 -0.285768985748 -0.955956876278
    outer loop
      vertex 71.9865036011 13.2884836197 35.636302948
      vertex 75.2250366211 30.7024211884 94.6483001709
      vertex 77.6832351685 17.053232193 49.5648422241
    endloop
  endfacet
  facet normal 0.464292883873 0.750307619572 0.470606654882
    outer loop
      vertex 79.4053955078 129.368255615 85.3511886597
      vertex 76.6325531006 131.144744873 88.1812744141
      vertex 73.273147583 128.263763428 88.4530792236
    endloop
  endfacet
  facet normal 0.434916764498 0.900455653667 0.00520268781111
    outer loop
      vertex 74.3662185669 157.107803345 89.4259185791
      vertex 76.6325531006 131.144744873 88.1812744141
      vertex 78.8504257202 153.203445435 87.2375030518
    endloop
  endfacet
  facet normal 0.429558485746 0.902948975563 0.0127543210983
    outer loop
      vertex 74.3662185669 157.107803345 89.4259185791
      vertex 78.8504257202 153.203445435 87.2375030518
      vertex 79.663482666 172.545303345 87.123916626
    endloop
  endfacet
  facet normal 0.54345536232 0.837171494961 0.0616458058357
    outer loop
      vertex 74.4976272583 176.023239136 90.7334671021
      vertex 74.3662185669 157.107803345 89.4259185791
      vertex 79.663482666 172.545303345 87.123916626
    endloop
  endfacet
  facet normal 0.757535457611 -0.227334678173 0.611930549145
    outer loop
      vertex 73.112739563 133.660934448 98.9373703003
      vertex 76.0507125854 135.997116089 102.438980103
      vertex 71.5014801025 130.983154297 100.776222229
    endloop
  endfacet
  facet normal 0.0378053709865 0.64352953434 -0.764487087727
    outer loop
      vertex 75.2250366211 30.7024211884 94.6483001709
      vertex 69.3282775879 21.696767807 105.693069458
      vertex 79.4117736816 23.6889724731 102.734031677
    endloop
  endfacet
  facet normal 0.0693279653788 -0.286625653505 -0.955530941486
    outer loop
      vertex 71.9865036011 13.2884836197 35.636302948
      vertex 77.6832351685 17.053232193 49.5648422241
      vertex 74.927520752 2.38567852974 0.000718910363503
    endloop
  endfacet
  facet normal 0.135882392526 -0.292855978012 0.946451961994
    outer loop
      vertex 69.9892120361 143.191589355 36.3079109192
      vertex 79.4053955078 129.368255615 85.3511886597
      vertex 67.8360061646 129.552352905 79.3881454468
    endloop
  endfacet
  facet normal 0.0812617763877 -0.187881499529 0.978824317455
    outer loop
      vertex 67.8360061646 129.552352905 79.3881454468
      vertex 79.4053955078 129.368255615 85.3511886597
      vertex 73.273147583 128.263763428 88.4530792236
    endloop
  endfacet
  facet normal 0.304454594851 -0.949480056763 -0.0761251598597
    outer loop
      vertex 37.993686676 73.4011764526 128.736572266
      vertex 71.1658172607 72.4624786377 139.298095703
      vertex 40.8425941467 62.5935707092 128.783584595
    endloop
  endfacet
  facet normal 0.188529074192 -0.949111402035 -0.252278327942
    outer loop
      vertex 71.1658172607 72.4624786377 139.298095703
      vertex 73.616973877 63.3583946228 137.365066528
      vertex 48.6591491699 47.0389709473 128.069732666
    endloop
  endfacet
  facet normal 0.19339518249 -0.949956536293 -0.245317831635
    outer loop
      vertex 48.6591491699 47.0389709473 128.069732666
      vertex 73.616973877 63.3583946228 137.365066528
      vertex 53.3469314575 37.9185333252 126.668807983
    endloop
  endfacet
  facet normal 0.0884034410119 -0.948447525501 -0.30435526371
    outer loop
      vertex 73.616973877 63.3583946228 137.365066528
      vertex 72.2943878174 35.3434181213 128.251831055
      vertex 60.9271888733 31.2340812683 125.873634338
    endloop
  endfacet
  facet normal 0.0878699570894 -0.583488881588 -0.807353436947
    outer loop
      vertex 78.2872619629 9.53450107574 119.853393555
      vertex 75.9210205078 8.52438163757 118.099388123
      vertex 65.0143966675 10.5167961121 119.213745117
    endloop
  endfacet
  facet normal 0.202008113265 0.616506099701 -0.76099473238
    outer loop
      vertex 73.5608139038 11.5582723618 115.127807617
      vertex 65.0143966675 10.5167961121 119.213745117
      vertex 75.9210205078 8.52438163757 118.099388123
    endloop
  endfacet
  facet normal 0.21752370894 -0.264044255018 0.939661681652
    outer loop
      vertex 67.8360061646 129.552352905 79.3881454468
      vertex 73.273147583 128.263763428 88.4530792236
      vertex 70.4340209961 125.915588379 94.4706726074
    endloop
  endfacet
  facet normal 0.290755033493 -0.271320223808 0.917522132397
    outer loop
      vertex 67.8360061646 129.552352905 79.3881454468
      vertex 70.4340209961 125.915588379 94.4706726074
      vertex 61.1330375671 122.70929718 95.3461608887
    endloop
  endfacet
  facet normal 0.145774871111 0.692489564419 0.706546485424
    outer loop
      vertex 62.9808502197 139.470123291 111.229133606
      vertex 71.5014801025 130.983154297 100.776222229
      vertex 72.3375091553 144.264663696 114.151344299
    endloop
  endfacet
  facet normal 0.245310455561 -0.948244988918 -0.201628834009
    outer loop
      vertex 42.9447212219 53.3997497559 127.94392395
      vertex 71.1658172607 72.4624786377 139.298095703
      vertex 48.6591491699 47.0389709473 128.069732666
    endloop
  endfacet
  facet normal 0.0694037526846 -0.943772912025 -0.323227256536
    outer loop
      vertex 72.2943878174 35.3434181213 128.251831055
      vertex 78.2872619629 9.53450107574 119.853393555
      vertex 65.0143966675 10.5167961121 119.213745117
    endloop
  endfacet
  facet normal 0.229975447059 0.662695348263 -0.712703406811
    outer loop
      vertex 65.0143966675 10.5167961121 119.213745117
      vertex 73.5608139038 11.5582723618 115.127807617
      vertex 69.3282775879 21.696767807 105.693069458
    endloop
  endfacet
  facet normal 0.185060516 -0.273514866829 -0.943897366524
    outer loop
      vertex 66.4153518677 16.7915973663 43.9560699463
      vertex 71.9865036011 13.2884836197 35.636302948
      vertex 74.927520752 2.38567852974 0.000718910363503
    endloop
  endfacet
  facet normal 0.21097792685 0.674766898155 0.70723259449
    outer loop
      vertex 56.1633377075 131.069015503 105.661956787
      vertex 61.1330375671 122.70929718 95.3461608887
      vertex 71.5014801025 130.983154297 100.776222229
    endloop
  endfacet
  facet normal 0.22506134212 0.718123793602 0.658517718315
    outer loop
      vertex 62.9808502197 139.470123291 111.229133606
      vertex 56.1633377075 131.069015503 105.661956787
      vertex 71.5014801025 130.983154297 100.776222229
    endloop
  endfacet
  facet normal 0.167009994388 0.662827789783 0.729908883572
    outer loop
      vertex 62.9808502197 139.470123291 111.229133606
      vertex 72.3375091553 144.264663696 114.151344299
      vertex 55.4748916626 143.686080933 117.763008118
    endloop
  endfacet
  facet normal 0.173426583409 0.698493421078 0.69428396225
    outer loop
      vertex 55.4748916626 143.686080933 117.763008118
      vertex 72.3375091553 144.264663696 114.151344299
      vertex 64.9454879761 147.18182373 118.886268616
    endloop
  endfacet
  facet normal 0.0592001192272 0.647277235985 -0.759952306747
    outer loop
      vertex 60.961807251 15.6356506348 113.574478149
      vertex 65.0143966675 10.5167961121 119.213745117
      vertex 69.3282775879 21.696767807 105.693069458
    endloop
  endfacet
  facet normal 0.183310717344 -0.282262861729 0.941660702229
    outer loop
      vertex 69.9892120361 143.191589355 36.3079109192
      vertex 62.2944908142 147.018692017 18.5430660248
      vertex 69.4042205811 153.961013794 8.0831523519e-07
    endloop
  endfacet
  facet normal 0.196709722281 -0.287162899971 0.937466144562
    outer loop
      vertex 62.2944908142 147.018692017 18.5430660248
      vertex 69.9892120361 143.191589355 36.3079109192
      vertex 64.2076263428 137.47744751 51.0017204285
    endloop
  endfacet
  facet normal 0.0819500908256 -0.943992555141 -0.319628238678
    outer loop
      vertex 60.9271888733 31.2340812683 125.873634338
      vertex 72.2943878174 35.3434181213 128.251831055
      vertex 65.0143966675 10.5167961121 119.213745117
    endloop
  endfacet
  facet normal 0.394215255976 -0.291948199272 -0.871412992477
    outer loop
      vertex 53.72838974 30.8857498169 73.2489700317
      vertex 55.2258377075 37.36145401 94.5997848511
      vertex 63.3833007812 30.1331253052 84.0394744873
    endloop
  endfacet
  facet normal 0.357232391834 -0.427500575781 0.830438613892
    outer loop
      vertex 55.4748916626 143.686080933 117.763008118
      vertex 64.9454879761 147.18182373 118.886268616
      vertex 56.7627105713 143.117599487 119.94342804
    endloop
  endfacet
  facet normal 0.346686601639 -0.261650443077 0.900748252869
    outer loop
      vertex 51.357257843 128.621154785 62.0413322449
      vertex 58.9734230042 125.708648682 82.1592178345
      vertex 61.1330375671 122.70929718 95.3461608887
    endloop
  endfacet
  facet normal 0.31445851922 0.684490799904 0.657714366913
    outer loop
      vertex 47.2721214294 132.161071777 110.795967102
      vertex 61.1330375671 122.70929718 95.3461608887
      vertex 56.1633377075 131.069015503 105.661956787
    endloop
  endfacet
  facet normal 0.241929203272 0.706832766533 0.664723753929
    outer loop
      vertex 56.1633377075 131.069015503 105.661956787
      vertex 62.9808502197 139.470123291 111.229133606
      vertex 55.4748916626 143.686080933 117.763008118
    endloop
  endfacet
  facet normal 0.49767100811 0.680926203728 -0.53727376461
    outer loop
      vertex 43.8833045959 47.0391273499 95.2537307739
      vertex 46.9563941956 34.2762985229 103.0779953
      vertex 55.2258377075 37.36145401 94.5997848511
    endloop
  endfacet
  facet normal 0.434199571609 0.650332391262 -0.623328626156
    outer loop
      vertex 46.9563941956 34.2762985229 103.0779953
      vertex 52.9522781372 26.4683055878 106.558578491
      vertex 55.2258377075 37.36145401 94.5997848511
    endloop
  endfacet
  facet normal 0.312697589397 0.674940466881 -0.66833794117
    outer loop
      vertex 41.9593544006 21.2318935394 116.836753845
      vertex 60.961807251 15.6356506348 113.574478149
      vertex 52.9522781372 26.4683055878 106.558578491
    endloop
  endfacet
  facet normal 0.317265093327 0.62596821785 -0.712395012379
    outer loop
      vertex 41.9593544006 21.2318935394 116.836753845
      vertex 53.0699462891 14.2167234421 119.189216614
      vertex 60.961807251 15.6356506348 113.574478149
    endloop
  endfacet
  facet normal 0.490805923939 -0.277504652739 0.825893878937
    outer loop
      vertex 50.1738853455 116.33821106 94.9246292114
      vertex 44.5783042908 123.847450256 62.6794815063
      vertex 61.1330375671 122.70929718 95.3461608887
    endloop
  endfacet
  facet normal 0.381549686193 0.645404458046 0.661719679832
    outer loop
      vertex 47.2721214294 132.161071777 110.795967102
      vertex 55.4748916626 143.686080933 117.763008118
      vertex 46.5132751465 139.819290161 119.096405029
    endloop
  endfacet
  facet normal 0.610498726368 -0.294082671404 -0.735395610332
    outer loop
      vertex 37.0609359741 33.7164230347 47.7755622864
      vertex 43.8833045959 47.0391273499 95.2537307739
      vertex 55.2258377075 37.36145401 94.5997848511
    endloop
  endfacet
  facet normal 0.45853510499 0.704178512096 -0.542105317116
    outer loop
      vertex 46.9563941956 34.2762985229 103.0779953
      vertex 43.8833045959 47.0391273499 95.2537307739
      vertex 36.9766044617 34.0693244934 109.735809326
    endloop
  endfacet
  facet normal 0.455558657646 0.322605311871 -0.829693973064
    outer loop
      vertex 40.8520011902 20.9204349518 119.20149231
      vertex 53.0699462891 14.2167234421 119.189216614
      vertex 41.9593544006 21.2318935394 116.836753845
    endloop
  endfacet
  facet normal 0.525161147118 0.654447972775 0.543970286846
    outer loop
      vertex 37.5259132385 114.704338074 103.715927124
      vertex 50.1738853455 116.33821106 94.9246292114
      vertex 44.5014686584 120.470863342 102.911476135
    endloop
  endfacet
  facet normal 0.682476341724 -0.287803441286 0.671859562397
    outer loop
      vertex 36.7749710083 124.343017578 44.4646873474
      vertex 50.1738853455 116.33821106 94.9246292114
      vertex 41.7511444092 107.821136475 94.8341369629
    endloop
  endfacet
  facet normal 0.603108167648 -0.278709203005 0.747383236885
    outer loop
      vertex 44.5783042908 123.847450256 62.6794815063
      vertex 50.1738853455 116.33821106 94.9246292114
      vertex 36.7749710083 124.343017578 44.4646873474
    endloop
  endfacet
  facet normal 0.779558777809 -0.286026716232 -0.557204425335
    outer loop
      vertex 30.5983886719 37.1465148926 39.7743644714
      vertex 35.336479187 49.8911895752 77.515625
      vertex 43.8833045959 47.0391273499 95.2537307739
    endloop
  endfacet
  facet normal 0.451851695776 0.69470590353 -0.5596550107
    outer loop
      vertex 36.9766044617 34.0693244934 109.735809326
      vertex 41.9593544006 21.2318935394 116.836753845
      vertex 46.9563941956 34.2762985229 103.0779953
    endloop
  endfacet
  facet normal 0.605152249336 0.704098761082 -0.371531575918
    outer loop
      vertex 35.4307937622 59.4774856567 95.9550704956
      vertex 33.8553695679 45.9050140381 104.47088623
      vertex 43.8833045959 47.0391273499 95.2537307739
    endloop
  endfacet
  facet normal 0.841573953629 -0.291616052389 -0.454657375813
    outer loop
      vertex 26.0780582428 53.7920646667 56.8786201477
      vertex 34.4801940918 59.5743179321 90.1414031982
      vertex 35.336479187 49.8911895752 77.515625
    endloop
  endfacet
  facet normal 0.949638366699 -0.15070091188 -0.274729251862
    outer loop
      vertex 33.1180229187 67.014831543 95.1218414307
      vertex 35.4307937622 59.4774856567 95.9550704956
      vertex 34.4801940918 59.5743179321 90.1414031982
    endloop
  endfacet
  facet normal 0.608781814575 -0.447392642498 0.655152261257
    outer loop
      vertex 33.0557479858 130.069458008 117.992485046
      vertex 40.0369758606 135.751495361 119.171409607
      vertex 34.1403427124 129.752655029 119.932258606
    endloop
  endfacet
  facet normal 0.21254260838 -0.942857265472 -0.25660431385
    outer loop
      vertex 29.1391887665 30.797252655 119.249183655
      vertex 48.6591491699 47.0389709473 128.069732666
      vertex 40.8520011902 20.9204349518 119.20149231
    endloop
  endfacet
  facet normal 0.500032901764 0.702138662338 0.506920516491
    outer loop
      vertex 37.5259132385 114.704338074 103.715927124
      vertex 44.5014686584 120.470863342 102.911476135
      vertex 33.0557479858 130.069458008 117.992485046
    endloop
  endfacet
  facet normal 0.740070343018 0.666183054447 0.092173717916
    outer loop
      vertex 25.9104270935 92.8311157227 103.894195557
      vertex 31.8584709167 78.4265594482 95.2934112549
      vertex 33.1876296997 91.1484832764 95.5770568848
    endloop
  endfacet
  facet normal 0.767073512077 0.637150287628 -0.0750849023461
    outer loop
      vertex 31.8584709167 78.4265594482 95.2934112549
      vertex 25.645154953 62.2471694946 104.680366516
      vertex 33.1180229187 67.014831543 95.1218414307
    endloop
  endfacet
  facet normal 0.253572970629 -0.944439828396 -0.209127038717
    outer loop
      vertex 42.9447212219 53.3997497559 127.94392395
      vertex 48.6591491699 47.0389709473 128.069732666
      vertex 20.2541923523 44.3906097412 119.85684967
    endloop
  endfacet
  facet normal 0.513053655624 0.680451691151 0.523222208023
    outer loop
      vertex 23.6541290283 118.339416504 116.970245361
      vertex 37.5259132385 114.704338074 103.715927124
      vertex 28.6107463837 125.877571106 119.029342651
    endloop
  endfacet
  facet normal 0.606576085091 0.569753348827 0.554478645325
    outer loop
      vertex 22.0276546478 118.351951599 118.714035034
      vertex 23.6541290283 118.339416504 116.970245361
      vertex 28.6107463837 125.877571106 119.029342651
    endloop
  endfacet
  facet normal 0.579097807407 0.713998734951 0.393511801958
    outer loop
      vertex 23.6541290283 118.339416504 116.970245361
      vertex 30.5016098022 106.255905151 104.756820679
      vertex 37.5259132385 114.704338074 103.715927124
    endloop
  endfacet
  facet normal 0.669441878796 0.658935070038 -0.343004584312
    outer loop
      vertex 14.639714241 54.645111084 117.631446838
      vertex 21.8234157562 40.0598602295 117.925460815
      vertex 22.6179122925 50.0859947205 111.899253845
    endloop
  endfacet
  facet normal 0.656526327133 0.709010839462 -0.257442742586
    outer loop
      vertex 14.639714241 54.645111084 117.631446838
      vertex 22.6179122925 50.0859947205 111.899253845
      vertex 25.645154953 62.2471694946 104.680366516
    endloop
  endfacet
  facet normal 0.764993965626 0.519716382027 0.380367010832
    outer loop
      vertex 15.8836688995 105.746109009 119.191215515
      vertex 17.6469230652 103.942443848 115.275749207
      vertex 23.6541290283 118.339416504 116.970245361
    endloop
  endfacet
  facet normal 0.693323075771 0.648931026459 0.313355386257
    outer loop
      vertex 22.0276546478 118.351951599 118.714035034
      vertex 15.8836688995 105.746109009 119.191215515
      vertex 23.6541290283 118.339416504 116.970245361
    endloop
  endfacet
  facet normal 0.294406801462 -0.944855630398 0.14343097806
    outer loop
      vertex 15.8836688995 105.746109009 119.191215515
      vertex 48.4759635925 93.7200927734 131.172195435
      vertex 13.2087440491 95.9727478027 119.84135437
    endloop
  endfacet
  facet normal 0.29814401269 -0.94877076149 0.104614526033
    outer loop
      vertex 13.2087440491 95.9727478027 119.84135437
      vertex 48.4759635925 93.7200927734 131.172195435
      vertex 43.7557907104 86.415184021 130.494384766
    endloop
  endfacet
  facet normal 0.872015297413 -0.24354955554 -0.42458564043
    outer loop
      vertex 20.2541923523 44.3906097412 119.85684967
      vertex 21.8234157562 40.0598602295 117.925460815
      vertex 14.639714241 54.645111084 117.631446838
    endloop
  endfacet
  facet normal 0.799280941486 0.507908403873 0.32121488452
    outer loop
      vertex 15.8836688995 105.746109009 119.191215515
      vertex 12.1255064011 94.2697525024 117.847373962
      vertex 17.6469230652 103.942443848 115.275749207
    endloop
  endfacet
  facet normal 0.316107779741 -0.947611868382 0.0459086410701
    outer loop
      vertex 13.2087440491 95.9727478027 119.84135437
      vertex 43.7557907104 86.415184021 130.494384766
      vertex 39.4337654114 80.5004119873 129.339172363
    endloop
  endfacet
  facet normal 0.740463137627 0.670284986496 0.0493186786771
    outer loop
      vertex 12.1255064011 94.2697525024 117.847373962
      vertex 10.3915500641 85.8761367798 119.14528656
      vertex 22.2833518982 83.1266403198 105.806114197
    endloop
  endfacet
  facet normal 0.74218994379 0.669192254543 0.0365485772491
    outer loop
      vertex 22.2833518982 83.1266403198 105.806114197
      vertex 10.3915500641 85.8761367798 119.14528656
      vertex 19.6169757843 75.6030731201 108.35244751
    endloop
  endfacet
  facet normal 0.751493155956 0.65949511528 0.0180063340813
    outer loop
      vertex 19.6169757843 75.6030731201 108.35244751
      vertex 10.3915500641 85.8761367798 119.14528656
      vertex 10.5438833237 68.1926879883 118.488883972
    endloop
  endfacet
  facet normal 0.723088622093 0.68845063448 -0.0563789121807
    outer loop
      vertex 19.6169757843 75.6030731201 108.35244751
      vertex 10.5438833237 68.1926879883 118.488883972
      vertex 14.5027532578 66.4662780762 114.472213745
    endloop
  endfacet
  facet normal 0.590250194073 -0.806460380554 -0.0350199863315
    outer loop
      vertex 10.3915500641 85.8761367798 119.14528656
      vertex 12.6053628922 67.199005127 119.954536438
      vertex 10.5438833237 68.1926879883 118.488883972
    endloop
  endfacet
  facet normal 0.924152314663 -0.299451231956 0.237216025591
    outer loop
      vertex 13.2087440491 95.9727478027 119.84135437
      vertex 10.3915500641 85.8761367798 119.14528656
      vertex 12.1255064011 94.2697525024 117.847373962
    endloop
  endfacet
  facet normal 0.326784312725 -0.944739878178 0.0260493457317
    outer loop
      vertex 13.2087440491 95.9727478027 119.84135437
      vertex 39.4337654114 80.5004119873 129.339172363
      vertex 10.3915500641 85.8761367798 119.14528656
    endloop
  endfacet
  facet normal 0.333215385675 -0.942768752575 -0.0124321375042
    outer loop
      vertex 10.3915500641 85.8761367798 119.14528656
      vertex 39.4337654114 80.5004119873 129.339172363
      vertex 37.993686676 73.4011764526 128.736572266
    endloop
  endfacet
  facet normal 0.327369004488 -0.944894134998 0.00213763187639
    outer loop
      vertex 10.3915500641 85.8761367798 119.14528656
      vertex 37.993686676 73.4011764526 128.736572266
      vertex 12.6053628922 67.199005127 119.954536438
    endloop
  endfacet
  facet normal 0.636518657207 -0.733344078064 -0.238852411509
    outer loop
      vertex 12.6053628922 67.199005127 119.954536438
      vertex 14.639714241 54.645111084 117.631446838
      vertex 10.5438833237 68.1926879883 118.488883972
    endloop
  endfacet
  facet normal 0.738309323788 0.649411261082 -0.18211068213
    outer loop
      vertex 10.5438833237 68.1926879883 118.488883972
      vertex 14.639714241 54.645111084 117.631446838
      vertex 14.5027532578 66.4662780762 114.472213745
    endloop
  endfacet
  facet normal 0.688055336475 0.699026048183 -0.194788098335
    outer loop
      vertex 14.5027532578 66.4662780762 114.472213745
      vertex 14.639714241 54.645111084 117.631446838
      vertex 25.645154953 62.2471694946 104.680366516
    endloop
  endfacet
  facet normal 0.699636936188 0.70386326313 0.122819706798
    outer loop
      vertex 25.9104270935 92.8311157227 103.894195557
      vertex 12.1255064011 94.2697525024 117.847373962
      vertex 22.2833518982 83.1266403198 105.806114197
    endloop
  endfacet
  facet normal 0.685501635075 0.698434650898 0.205612555146
    outer loop
      vertex 17.6469230652 103.942443848 115.275749207
      vertex 12.1255064011 94.2697525024 117.847373962
      vertex 25.9104270935 92.8311157227 103.894195557
    endloop
  endfacet
  facet normal 0.92382133007 -0.270551383495 0.270843267441
    outer loop
      vertex 15.8836688995 105.746109009 119.191215515
      vertex 13.2087440491 95.9727478027 119.84135437
      vertex 12.1255064011 94.2697525024 117.847373962
    endloop
  endfacet
  facet normal 0.701111614704 -0.672160446644 -0.2379976511
    outer loop
      vertex 14.639714241 54.645111084 117.631446838
      vertex 12.6053628922 67.199005127 119.954536438
      vertex 20.2541923523 44.3906097412 119.85684967
    endloop
  endfacet
  facet normal 0.308999925852 -0.947913050652 -0.077330134809
    outer loop
      vertex 12.6053628922 67.199005127 119.954536438
      vertex 37.993686676 73.4011764526 128.736572266
      vertex 40.8425941467 62.5935707092 128.783584595
    endloop
  endfacet
  facet normal 0.312791883945 -0.943553984165 -0.108936458826
    outer loop
      vertex 12.6053628922 67.199005127 119.954536438
      vertex 40.8425941467 62.5935707092 128.783584595
      vertex 20.2541923523 44.3906097412 119.85684967
    endloop
  endfacet
  facet normal 0.300716757774 -0.945256173611 0.126729041338
    outer loop
      vertex 23.2240867615 116.344268799 120.105560303
      vertex 48.4759635925 93.7200927734 131.172195435
      vertex 15.8836688995 105.746109009 119.191215515
    endloop
  endfacet
  facet normal 0.497773736715 -0.822967112064 0.273763448
    outer loop
      vertex 23.2240867615 116.344268799 120.105560303
      vertex 15.8836688995 105.746109009 119.191215515
      vertex 22.0276546478 118.351951599 118.714035034
    endloop
  endfacet
  facet normal 0.630815088749 0.695010125637 0.345011919737
    outer loop
      vertex 23.6541290283 118.339416504 116.970245361
      vertex 17.6469230652 103.942443848 115.275749207
      vertex 30.5016098022 106.255905151 104.756820679
    endloop
  endfacet
  facet normal 0.604248583317 0.703165709972 -0.374755471945
    outer loop
      vertex 21.8234157562 40.0598602295 117.925460815
      vertex 33.8553695679 45.9050140381 104.47088623
      vertex 22.6179122925 50.0859947205 111.899253845
    endloop
  endfacet
  facet normal 0.638775229454 0.722362995148 0.264873296022
    outer loop
      vertex 30.5016098022 106.255905151 104.756820679
      vertex 17.6469230652 103.942443848 115.275749207
      vertex 25.9104270935 92.8311157227 103.894195557
    endloop
  endfacet
  facet normal 0.278423458338 -0.948626101017 -0.150296136737
    outer loop
      vertex 40.8425941467 62.5935707092 128.783584595
      vertex 42.9447212219 53.3997497559 127.94392395
      vertex 20.2541923523 44.3906097412 119.85684967
    endloop
  endfacet
  facet normal 0.707522988319 -0.513597488403 -0.485416144133
    outer loop
      vertex 20.2541923523 44.3906097412 119.85684967
      vertex 29.1391887665 30.797252655 119.249183655
      vertex 21.8234157562 40.0598602295 117.925460815
    endloop
  endfacet
  facet normal 0.255103945732 -0.950017511845 0.179968610406
    outer loop
      vertex 23.2240867615 116.344268799 120.105560303
      vertex 43.0426025391 110.923622131 126.454208374
      vertex 48.4759635925 93.7200927734 131.172195435
    endloop
  endfacet
  facet normal 0.421476811171 -0.843345463276 0.333355247974
    outer loop
      vertex 22.0276546478 118.351951599 118.714035034
      vertex 28.6107463837 125.877571106 119.029342651
      vertex 23.2240867615 116.344268799 120.105560303
    endloop
  endfacet
  facet normal 0.253726929426 -0.944631755352 -0.208070993423
    outer loop
      vertex 48.6591491699 47.0389709473 128.069732666
      vertex 29.1391887665 30.797252655 119.249183655
      vertex 20.2541923523 44.3906097412 119.85684967
    endloop
  endfacet
  facet normal 0.555694997311 0.640224158764 -0.530392408371
    outer loop
      vertex 29.1391887665 30.797252655 119.249183655
      vertex 36.9766044617 34.0693244934 109.735809326
      vertex 21.8234157562 40.0598602295 117.925460815
    endloop
  endfacet
  facet normal 0.236098110676 -0.941698253155 0.239712610841
    outer loop
      vertex 28.6107463837 125.877571106 119.029342651
      vertex 43.0426025391 110.923622131 126.454208374
      vertex 23.2240867615 116.344268799 120.105560303
    endloop
  endfacet
  facet normal 0.28640589118 -0.939105689526 0.189874008298
    outer loop
      vertex 34.1403427124 129.752655029 119.932258606
      vertex 43.0426025391 110.923622131 126.454208374
      vertex 28.6107463837 125.877571106 119.029342651
    endloop
  endfacet
  facet normal 0.564084708691 -0.430480778217 0.704623878002
    outer loop
      vertex 33.0557479858 130.069458008 117.992485046
      vertex 34.1403427124 129.752655029 119.932258606
      vertex 28.6107463837 125.877571106 119.029342651
    endloop
  endfacet
  facet normal 0.722130835056 0.689360558987 -0.0575244762003
    outer loop
      vertex 19.6169757843 75.6030731201 108.35244751
      vertex 14.5027532578 66.4662780762 114.472213745
      vertex 31.8584709167 78.4265594482 95.2934112549
    endloop
  endfacet
  facet normal 0.684210538864 0.713444709778 -0.151170969009
    outer loop
      vertex 14.5027532578 66.4662780762 114.472213745
      vertex 25.645154953 62.2471694946 104.680366516
      vertex 31.8584709167 78.4265594482 95.2934112549
    endloop
  endfacet
  facet normal 0.555891156197 0.695137381554 -0.45581689477
    outer loop
      vertex 21.8234157562 40.0598602295 117.925460815
      vertex 36.9766044617 34.0693244934 109.735809326
      vertex 33.8553695679 45.9050140381 104.47088623
    endloop
  endfacet
  facet normal 0.683027386665 0.689990460873 -0.239555373788
    outer loop
      vertex 35.4307937622 59.4774856567 95.9550704956
      vertex 25.645154953 62.2471694946 104.680366516
      vertex 22.6179122925 50.0859947205 111.899253845
    endloop
  endfacet
  facet normal 0.955121695995 -0.288884013891 0.0654874742031
    outer loop
      vertex 16.5458335876 86.0690078735 41.5629501343
      vertex 30.1729316711 85.3659820557 86.7768554688
      vertex 16.579706192 79.9068832397 43.0718421936
    endloop
  endfacet
  facet normal 0.767637789249 -0.278054356575 -0.57742357254
    outer loop
      vertex 30.5983886719 37.1465148926 39.7743644714
      vertex 24.5242881775 26.0684661865 8.0831523519e-07
      vertex 15.1551198959 38.5240135193 8.0831523519e-07
    endloop
  endfacet
  facet normal 0.950306296349 -0.287226349115 -0.120079003274
    outer loop
      vertex 17.3035316467 73.3891830444 44.9615058899
      vertex 24.4805793762 70.7044448853 67.5848236084
      vertex 10.5548257828 69.0539627075 20.8205871582
    endloop
  endfacet
  facet normal 0.822833716869 -0.281335502863 0.493755996227
    outer loop
      vertex 22.002248764 120.703262329 15.396651268
      vertex 29.1686153412 109.526893616 55.9714355469
      vertex 14.8516073227 117.559677124 8.0831523519e-07
    endloop
  endfacet
  facet normal 0.905343711376 -0.286788702011 -0.313217133284
    outer loop
      vertex 24.5103092194 61.8656349182 61.3594055176
      vertex 14.43201828 51.5893058777 18.3206138611
      vertex 11.4155216217 58.4260139465 16.2647724152
    endloop
  endfacet
  facet normal 0.828942239285 -0.281409919262 0.483387231827
    outer loop
      vertex 29.1686153412 109.526893616 55.9714355469
      vertex 18.0120697021 108.190750122 25.4030151367
      vertex 14.8516073227 117.559677124 8.0831523519e-07
    endloop
  endfacet
  facet normal 0.88199698925 -0.250050842762 -0.399444431067
    outer loop
      vertex 14.43201828 51.5893058777 18.3206138611
      vertex 15.1551198959 38.5240135193 8.0831523519e-07
      vertex 7.01508760452 56.4976882935 8.0831523519e-07
    endloop
  endfacet
  facet normal 0.889674544334 -0.26321721077 0.373089700937
    outer loop
      vertex 19.9222011566 101.016700745 40.5869789124
      vertex 5.94422197342 96.3175888062 0.00201149401255
      vertex 14.8516073227 117.559677124 8.0831523519e-07
    endloop
  endfacet
  facet normal 0.937505304813 -0.282179713249 -0.203613355756
    outer loop
      vertex 10.5548257828 69.0539627075 20.8205871582
      vertex 7.01508760452 56.4976882935 8.0831523519e-07
      vertex 4.15680742264 69.6581878662 8.0831523519e-07
    endloop
  endfacet
  facet normal 0.963771045208 -0.260252594948 0.0584290698171
    outer loop
      vertex 16.5458335876 86.0690078735 41.5629501343
      vertex 16.579706192 79.9068832397 43.0718421936
      vertex 5.94422197342 96.3175888062 0.00201149401255
    endloop
  endfacet
  facet normal 0.9506098032 -0.283169984818 0.127105265856
    outer loop
      vertex 16.579706192 79.9068832397 43.0718421936
      vertex 3.68579125404 79.4314498901 8.0831523519e-07
      vertex 5.94422197342 96.3175888062 0.00201149401255
    endloop
  endfacet
  facet normal 0.956244170666 -0.286892801523 -0.0573547035456
    outer loop
      vertex 16.579706192 79.9068832397 43.0718421936
      vertex 10.5548257828 69.0539627075 20.8205871582
      vertex 3.68579125404 79.4314498901 8.0831523519e-07
    endloop
  endfacet
  facet normal 0.955247104168 -0.292204588652 -0.0460375472903
    outer loop
      vertex 10.5548257828 69.0539627075 20.8205871582
      vertex 4.15680742264 69.6581878662 8.0831523519e-07
      vertex 3.68579125404 79.4314498901 8.0831523519e-07
    endloop
  endfacet
  facet normal 0.945416331291 -0.281598925591 0.163981571794
    outer loop
      vertex 15.3333692551 93.5287475586 33.1483459473
      vertex 16.5458335876 86.0690078735 41.5629501343
      vertex 5.94422197342 96.3175888062 0.00201149401255
    endloop
  endfacet
  facet normal 0.917070925236 -0.283373296261 0.280500411987
    outer loop
      vertex 19.9222011566 101.016700745 40.5869789124
      vertex 15.3333692551 93.5287475586 33.1483459473
      vertex 5.94422197342 96.3175888062 0.00201149401255
    endloop
  endfacet
  facet normal 0.940648972988 -0.277633905411 -0.195189356804
    outer loop
      vertex 10.5548257828 69.0539627075 20.8205871582
      vertex 11.4155216217 58.4260139465 16.2647724152
      vertex 7.01508760452 56.4976882935 8.0831523519e-07
    endloop
  endfacet
  facet normal 0.992850184441 -0.118626631796 -0.0132770780474
    outer loop
      vertex 18.0120697021 108.190750122 25.4030151367
      vertex 19.9222011566 101.016700745 40.5869789124
      vertex 14.8516073227 117.559677124 8.0831523519e-07
    endloop
  endfacet
  facet normal 0.906128108501 -0.28248205781 -0.314858257771
    outer loop
      vertex 11.4155216217 58.4260139465 16.2647724152
      vertex 14.43201828 51.5893058777 18.3206138611
      vertex 7.01508760452 56.4976882935 8.0831523519e-07
    endloop
  endfacet
  facet normal 0.853151977062 -0.280150026083 -0.440054178238
    outer loop
      vertex 14.43201828 51.5893058777 18.3206138611
      vertex 22.082321167 43.690700531 29.2114067078
      vertex 15.1551198959 38.5240135193 8.0831523519e-07
    endloop
  endfacet
  facet normal 0.961425602436 -0.273695021868 -0.0274194795638
    outer loop
      vertex 10.5548257828 69.0539627075 20.8205871582
      vertex 16.579706192 79.9068832397 43.0718421936
      vertex 17.3035316467 73.3891830444 44.9615058899
    endloop
  endfacet
  facet normal 0.85383617878 -0.282856553793 -0.436985045671
    outer loop
      vertex 14.43201828 51.5893058777 18.3206138611
      vertex 26.0780582428 53.7920646667 56.8786201477
      vertex 22.082321167 43.690700531 29.2114067078
    endloop
  endfacet
  facet normal 0.953657627106 -0.300303399563 -0.0188422724605
    outer loop
      vertex 17.3035316467 73.3891830444 44.9615058899
      vertex 16.579706192 79.9068832397 43.0718421936
      vertex 24.4805793762 70.7044448853 67.5848236084
    endloop
  endfacet
  facet normal 0.780218064785 -0.283628672361 -0.557507455349
    outer loop
      vertex 22.082321167 43.690700531 29.2114067078
      vertex 30.5983886719 37.1465148926 39.7743644714
      vertex 15.1551198959 38.5240135193 8.0831523519e-07
    endloop
  endfacet
  facet normal 0.957176089287 -0.277359873056 -0.0829788818955
    outer loop
      vertex 16.579706192 79.9068832397 43.0718421936
      vertex 27.0361976624 75.0005264282 77.6896057129
      vertex 24.4805793762 70.7044448853 67.5848236084
    endloop
  endfacet
  facet normal 0.936139404774 -0.285989969969 -0.204579383135
    outer loop
      vertex 10.5548257828 69.0539627075 20.8205871582
      vertex 24.4805793762 70.7044448853 67.5848236084
      vertex 24.5103092194 61.8656349182 61.3594055176
    endloop
  endfacet
  facet normal 0.936950981617 -0.287256091833 -0.199014544487
    outer loop
      vertex 10.5548257828 69.0539627075 20.8205871582
      vertex 24.5103092194 61.8656349182 61.3594055176
      vertex 11.4155216217 58.4260139465 16.2647724152
    endloop
  endfacet
  facet normal 0.758013546467 -0.227214917541 0.611382722855
    outer loop
      vertex 26.9200992584 127.138221741 14.4881505966
      vertex 22.002248764 120.703262329 15.396651268
      vertex 14.8516073227 117.559677124 8.0831523519e-07
    endloop
  endfacet
  facet normal 0.896509230137 -0.289918661118 -0.334990143776
    outer loop
      vertex 24.5103092194 61.8656349182 61.3594055176
      vertex 26.0780582428 53.7920646667 56.8786201477
      vertex 14.43201828 51.5893058777 18.3206138611
    endloop
  endfacet
  facet normal 0.839086771011 -0.289367169142 -0.460651725531
    outer loop
      vertex 35.336479187 49.8911895752 77.515625
      vertex 22.082321167 43.690700531 29.2114067078
      vertex 26.0780582428 53.7920646667 56.8786201477
    endloop
  endfacet
  facet normal 0.942743957043 -0.286782622337 0.170263156295
    outer loop
      vertex 15.3333692551 93.5287475586 33.1483459473
      vertex 30.1729316711 85.3659820557 86.7768554688
      vertex 16.5458335876 86.0690078735 41.5629501343
    endloop
  endfacet
  facet normal 0.95917391777 -0.2666439116 0.0942674875259
    outer loop
      vertex 30.1729316711 85.3659820557 86.7768554688
      vertex 33.1876296997 91.1484832764 95.5770568848
      vertex 31.8584709167 78.4265594482 95.2934112549
    endloop
  endfacet
  facet normal 0.953043341637 -0.282368838787 -0.109436027706
    outer loop
      vertex 27.0361976624 75.0005264282 77.6896057129
      vertex 31.8584709167 78.4265594482 95.2934112549
      vertex 33.1180229187 67.014831543 95.1218414307
    endloop
  endfacet
  facet normal 0.933206439018 -0.184254065156 -0.308506280184
    outer loop
      vertex 27.0361976624 75.0005264282 77.6896057129
      vertex 33.1180229187 67.014831543 95.1218414307
      vertex 31.4018058777 68.796333313 89.4124450684
    endloop
  endfacet
  facet normal 0.938788831234 -0.280151486397 -0.20047609508
    outer loop
      vertex 24.5103092194 61.8656349182 61.3594055176
      vertex 24.4805793762 70.7044448853 67.5848236084
      vertex 31.4018058777 68.796333313 89.4124450684
    endloop
  endfacet
  facet normal 0.949415743351 -0.290655136108 -0.118866980076
    outer loop
      vertex 24.4805793762 70.7044448853 67.5848236084
      vertex 27.0361976624 75.0005264282 77.6896057129
      vertex 31.4018058777 68.796333313 89.4124450684
    endloop
  endfacet
  facet normal 0.957295119762 -0.277812421322 -0.0800394639373
    outer loop
      vertex 16.579706192 79.9068832397 43.0718421936
      vertex 31.8584709167 78.4265594482 95.2934112549
      vertex 27.0361976624 75.0005264282 77.6896057129
    endloop
  endfacet
  facet normal 0.952555418015 -0.281944662333 0.114653244615
    outer loop
      vertex 16.579706192 79.9068832397 43.0718421936
      vertex 30.1729316711 85.3659820557 86.7768554688
      vertex 31.8584709167 78.4265594482 95.2934112549
    endloop
  endfacet
  facet normal 0.961228072643 -0.220355674624 0.165782958269
    outer loop
      vertex 30.5226268768 93.5087814331 82.176109314
      vertex 33.1876296997 91.1484832764 95.5770568848
      vertex 30.1729316711 85.3659820557 86.7768554688
    endloop
  endfacet
  facet normal 0.729641079903 0.63424128294 0.25565969944
    outer loop
      vertex 30.5016098022 106.255905151 104.756820679
      vertex 33.1876296997 91.1484832764 95.5770568848
      vertex 36.3287887573 98.7959213257 95.0460586548
    endloop
  endfacet
  facet normal 0.69373524189 0.663619160652 0.279894560575
    outer loop
      vertex 25.9104270935 92.8311157227 103.894195557
      vertex 33.1876296997 91.1484832764 95.5770568848
      vertex 30.5016098022 106.255905151 104.756820679
    endloop
  endfacet
  facet normal 0.90937435627 -0.28626960516 0.301807969809
    outer loop
      vertex 19.9222011566 101.016700745 40.5869789124
      vertex 36.3287887573 98.7959213257 95.0460586548
      vertex 30.5226268768 93.5087814331 82.176109314
    endloop
  endfacet
  facet normal 0.890826284885 -0.244593471289 0.382887125015
    outer loop
      vertex 30.5226268768 93.5087814331 82.176109314
      vertex 36.3287887573 98.7959213257 95.0460586548
      vertex 33.1876296997 91.1484832764 95.5770568848
    endloop
  endfacet
  facet normal 0.818197906017 -0.286778479815 0.498307436705
    outer loop
      vertex 36.3287887573 98.7959213257 95.0460586548
      vertex 29.1686153412 109.526893616 55.9714355469
      vertex 41.7511444092 107.821136475 94.8341369629
    endloop
  endfacet
  facet normal 0.642878830433 0.670400083065 0.370500296354
    outer loop
      vertex 30.5016098022 106.255905151 104.756820679
      vertex 36.3287887573 98.7959213257 95.0460586548
      vertex 41.7511444092 107.821136475 94.8341369629
    endloop
  endfacet
  facet normal 0.627078831196 0.641148746014 0.44238036871
    outer loop
      vertex 37.5259132385 114.704338074 103.715927124
      vertex 30.5016098022 106.255905151 104.756820679
      vertex 41.7511444092 107.821136475 94.8341369629
    endloop
  endfacet
  facet normal 0.782299280167 -0.290018230677 0.55126875639
    outer loop
      vertex 22.002248764 120.703262329 15.396651268
      vertex 28.1331443787 118.766487122 35.615650177
      vertex 29.1686153412 109.526893616 55.9714355469
    endloop
  endfacet
  facet normal 0.634652853012 -0.281733632088 -0.719612360001
    outer loop
      vertex 37.0609359741 33.7164230347 47.7755622864
      vertex 39.6811523438 26.9959774017 36.5124855042
      vertex 24.5242881775 26.0684661865 8.0831523519e-07
    endloop
  endfacet
  facet normal 0.624379873276 -0.277734994888 -0.730077445507
    outer loop
      vertex 39.6811523438 26.9959774017 36.5124855042
      vertex 36.0857200623 16.1813220978 0.00124551856425
      vertex 24.5242881775 26.0684661865 8.0831523519e-07
    endloop
  endfacet
  facet normal 0.583054363728 -0.281491041183 0.762109160423
    outer loop
      vertex 42.6600189209 137.536529541 21.6443080902
      vertex 44.5783042908 123.847450256 62.6794815063
      vertex 29.265335083 135.283370972 8.0831523519e-07
    endloop
  endfacet
  facet normal 0.781165242195 -0.290560215712 0.552589893341
    outer loop
      vertex 28.1331443787 118.766487122 35.615650177
      vertex 37.0374488831 114.388061523 67.8816223145
      vertex 29.1686153412 109.526893616 55.9714355469
    endloop
  endfacet
  facet normal 0.707653343678 -0.283132255077 0.647350668907
    outer loop
      vertex 28.1331443787 118.766487122 35.615650177
      vertex 36.7749710083 124.343017578 44.4646873474
      vertex 37.0374488831 114.388061523 67.8816223145
    endloop
  endfacet
  facet normal 0.712132573128 -0.293580025434 0.637713074684
    outer loop
      vertex 26.9200992584 127.138221741 14.4881505966
      vertex 36.7749710083 124.343017578 44.4646873474
      vertex 28.1331443787 118.766487122 35.615650177
    endloop
  endfacet
  facet normal 0.742285609245 -0.283249825239 0.607273936272
    outer loop
      vertex 26.9200992584 127.138221741 14.4881505966
      vertex 28.1331443787 118.766487122 35.615650177
      vertex 22.002248764 120.703262329 15.396651268
    endloop
  endfacet
  facet normal 0.532587230206 -0.290134966373 0.795092761517
    outer loop
      vertex 44.5783042908 123.847450256 62.6794815063
      vertex 42.6600189209 137.536529541 21.6443080902
      vertex 51.357257843 128.621154785 62.0413322449
    endloop
  endfacet
  facet normal 0.567687630653 -0.270370781422 0.777579843998
    outer loop
      vertex 42.6600189209 137.536529541 21.6443080902
      vertex 29.265335083 135.283370972 8.0831523519e-07
      vertex 42.3325805664 144.823379517 8.0831523519e-07
    endloop
  endfacet
  facet normal 0.574400067329 -0.283969193697 -0.767740905285
    outer loop
      vertex 39.6811523438 26.9959774017 36.5124855042
      vertex 41.1348991394 20.1465492249 20.9349098206
      vertex 36.0857200623 16.1813220978 0.00124551856425
    endloop
  endfacet
  facet normal 0.474969834089 -0.285235643387 -0.832492828369
    outer loop
      vertex 48.3382377625 14.1699295044 15.4863443375
      vertex 41.1348991394 20.1465492249 20.9349098206
      vertex 53.72838974 30.8857498169 73.2489700317
    endloop
  endfacet
  facet normal 0.420755684376 -0.284018963575 0.861567080021
    outer loop
      vertex 51.357257843 128.621154785 62.0413322449
      vertex 56.003868103 139.570632935 35.7098846436
      vertex 58.9734230042 125.708648682 82.1592178345
    endloop
  endfacet
  facet normal 0.435069441795 -0.231214150786 -0.870203793049
    outer loop
      vertex 48.3382377625 14.1699295044 15.4863443375
      vertex 55.8626480103 6.29347276688 0.00078274164116
      vertex 36.0857200623 16.1813220978 0.00124551856425
    endloop
  endfacet
  facet normal 0.401862442493 -0.264536142349 0.876656830311
    outer loop
      vertex 47.9098396301 143.572814941 12.6167821884
      vertex 42.3325805664 144.823379517 8.0831523519e-07
      vertex 54.6745529175 150.48097229 8.0831523519e-07
    endloop
  endfacet
  facet normal 0.396387577057 -0.294009059668 -0.869733035564
    outer loop
      vertex 55.4789581299 23.1372432709 52.6876029968
      vertex 53.72838974 30.8857498169 73.2489700317
      vertex 63.3833007812 30.1331253052 84.0394744873
    endloop
  endfacet
  facet normal 0.314488500357 -0.292338490486 0.903125226498
    outer loop
      vertex 64.2076263428 137.47744751 51.0017204285
      vertex 67.8360061646 129.552352905 79.3881454468
      vertex 56.003868103 139.570632935 35.7098846436
    endloop
  endfacet
  facet normal 0.22163207829 -0.266230493784 0.938083469868
    outer loop
      vertex 62.2944908142 147.018692017 18.5430660248
      vertex 54.6745529175 150.48097229 8.0831523519e-07
      vertex 69.4042205811 153.961013794 8.0831523519e-07
    endloop
  endfacet
  facet normal 0.346371918917 -0.286642730236 -0.893231451511
    outer loop
      vertex 55.4789581299 23.1372432709 52.6876029968
      vertex 63.3833007812 30.1331253052 84.0394744873
      vertex 59.9485740662 17.9313220978 41.8659667969
    endloop
  endfacet
  facet normal 0.254186630249 -0.281980752945 -0.925135672092
    outer loop
      vertex 59.9485740662 17.9313220978 41.8659667969
      vertex 66.4153518677 16.7915973663 43.9560699463
      vertex 55.8626480103 6.29347276688 0.00078274164116
    endloop
  endfacet
  facet normal 0.290009588003 -0.289494007826 0.912188410759
    outer loop
      vertex 62.2944908142 147.018692017 18.5430660248
      vertex 56.003868103 139.570632935 35.7098846436
      vertex 54.6745529175 150.48097229 8.0831523519e-07
    endloop
  endfacet
  facet normal 0.352644950151 -0.28241315484 -0.892123520374
    outer loop
      vertex 55.8626480103 6.29347276688 0.00078274164116
      vertex 48.3382377625 14.1699295044 15.4863443375
      vertex 59.9485740662 17.9313220978 41.8659667969
    endloop
  endfacet
  facet normal 0.372862786055 -0.283789724112 0.8834233284
    outer loop
      vertex 56.003868103 139.570632935 35.7098846436
      vertex 47.9098396301 143.572814941 12.6167821884
      vertex 54.6745529175 150.48097229 8.0831523519e-07
    endloop
  endfacet
  facet normal 0.400010615587 -0.290830045938 0.869142889977
    outer loop
      vertex 47.9098396301 143.572814941 12.6167821884
      vertex 56.003868103 139.570632935 35.7098846436
      vertex 51.357257843 128.621154785 62.0413322449
    endloop
  endfacet
  facet normal 0.469654530287 -0.285485386848 0.835417687893
    outer loop
      vertex 47.9098396301 143.572814941 12.6167821884
      vertex 51.357257843 128.621154785 62.0413322449
      vertex 42.6600189209 137.536529541 21.6443080902
    endloop
  endfacet
  facet normal 0.465511500835 -0.288704842329 0.836629271507
    outer loop
      vertex 47.9098396301 143.572814941 12.6167821884
      vertex 42.6600189209 137.536529541 21.6443080902
      vertex 42.3325805664 144.823379517 8.0831523519e-07
    endloop
  endfacet
  facet normal 0.421417087317 -0.28816011548 -0.859867095947
    outer loop
      vertex 48.3382377625 14.1699295044 15.4863443375
      vertex 53.72838974 30.8857498169 73.2489700317
      vertex 55.4789581299 23.1372432709 52.6876029968
    endloop
  endfacet
  facet normal 0.35372197628 -0.282808512449 -0.891571700573
    outer loop
      vertex 48.3382377625 14.1699295044 15.4863443375
      vertex 55.4789581299 23.1372432709 52.6876029968
      vertex 59.9485740662 17.9313220978 41.8659667969
    endloop
  endfacet
  facet normal 0.549224197865 -0.292883008718 -0.782670021057
    outer loop
      vertex 39.6811523438 26.9959774017 36.5124855042
      vertex 53.72838974 30.8857498169 73.2489700317
      vertex 41.1348991394 20.1465492249 20.9349098206
    endloop
  endfacet
  facet normal 0.482837319374 -0.274006634951 -0.831738233566
    outer loop
      vertex 36.0857200623 16.1813220978 0.00124551856425
      vertex 41.1348991394 20.1465492249 20.9349098206
      vertex 48.3382377625 14.1699295044 15.4863443375
    endloop
  endfacet
  facet normal 0.617976367474 -0.284683287144 0.732844173908
    outer loop
      vertex 44.5783042908 123.847450256 62.6794815063
      vertex 36.7749710083 124.343017578 44.4646873474
      vertex 29.265335083 135.283370972 8.0831523519e-07
    endloop
  endfacet
  facet normal 0.662799835205 -0.282557964325 0.693438827991
    outer loop
      vertex 36.7749710083 124.343017578 44.4646873474
      vertex 26.9200992584 127.138221741 14.4881505966
      vertex 29.265335083 135.283370972 8.0831523519e-07
    endloop
  endfacet
  facet normal 0.770928740501 -0.274821937084 0.574579656124
    outer loop
      vertex 29.1686153412 109.526893616 55.9714355469
      vertex 37.0374488831 114.388061523 67.8816223145
      vertex 41.7511444092 107.821136475 94.8341369629
    endloop
  endfacet
  facet normal 0.858030796051 -0.276153057814 0.433038860559
    outer loop
      vertex 36.3287887573 98.7959213257 95.0460586548
      vertex 19.9222011566 101.016700745 40.5869789124
      vertex 29.1686153412 109.526893616 55.9714355469
    endloop
  endfacet
  facet normal 0.865966141224 -0.298513233662 0.401238679886
    outer loop
      vertex 29.1686153412 109.526893616 55.9714355469
      vertex 19.9222011566 101.016700745 40.5869789124
      vertex 18.0120697021 108.190750122 25.4030151367
    endloop
  endfacet
  facet normal 0.935119330883 -0.289791673422 0.203893631697
    outer loop
      vertex 30.5226268768 93.5087814331 82.176109314
      vertex 30.1729316711 85.3659820557 86.7768554688
      vertex 15.3333692551 93.5287475586 33.1483459473
    endloop
  endfacet
  facet normal 0.917066574097 -0.28422960639 0.279647052288
    outer loop
      vertex 19.9222011566 101.016700745 40.5869789124
      vertex 30.5226268768 93.5087814331 82.176109314
      vertex 15.3333692551 93.5287475586 33.1483459473
    endloop
  endfacet
  facet normal 0.756233930588 -0.223338142037 0.615004301071
    outer loop
      vertex 26.9200992584 127.138221741 14.4881505966
      vertex 14.8516073227 117.559677124 8.0831523519e-07
      vertex 29.265335083 135.283370972 8.0831523519e-07
    endloop
  endfacet
  facet normal 0.702489435673 -0.288487285376 -0.650602519512
    outer loop
      vertex 30.5983886719 37.1465148926 39.7743644714
      vertex 37.0609359741 33.7164230347 47.7755622864
      vertex 24.5242881775 26.0684661865 8.0831523519e-07
    endloop
  endfacet
  facet normal 0.781019210815 -0.285593479872 -0.555378556252
    outer loop
      vertex 22.082321167 43.690700531 29.2114067078
      vertex 35.336479187 49.8911895752 77.515625
      vertex 30.5983886719 37.1465148926 39.7743644714
    endloop
  endfacet
  facet normal 0.898968219757 -0.28491127491 -0.332688570023
    outer loop
      vertex 24.5103092194 61.8656349182 61.3594055176
      vertex 34.4801940918 59.5743179321 90.1414031982
      vertex 26.0780582428 53.7920646667 56.8786201477
    endloop
  endfacet
  facet normal 0.961129784584 -0.259442806244 -0.0944401025772
    outer loop
      vertex 31.4018058777 68.796333313 89.4124450684
      vertex 33.1180229187 67.014831543 95.1218414307
      vertex 24.5103092194 61.8656349182 61.3594055176
    endloop
  endfacet
  facet normal 0.892843425274 -0.281273573637 -0.351732611656
    outer loop
      vertex 24.5103092194 61.8656349182 61.3594055176
      vertex 33.1180229187 67.014831543 95.1218414307
      vertex 34.4801940918 59.5743179321 90.1414031982
    endloop
  endfacet
  facet normal 0.681652009487 0.674429953098 -0.283716022968
    outer loop
      vertex 33.1180229187 67.014831543 95.1218414307
      vertex 25.645154953 62.2471694946 104.680366516
      vertex 35.4307937622 59.4774856567 95.9550704956
    endloop
  endfacet
  facet normal 0.732419133186 0.680221021175 0.0293530970812
    outer loop
      vertex 31.8584709167 78.4265594482 95.2934112549
      vertex 22.2833518982 83.1266403198 105.806114197
      vertex 19.6169757843 75.6030731201 108.35244751
    endloop
  endfacet
  facet normal 0.704769670963 0.698183119297 0.125857159495
    outer loop
      vertex 25.9104270935 92.8311157227 103.894195557
      vertex 22.2833518982 83.1266403198 105.806114197
      vertex 31.8584709167 78.4265594482 95.2934112549
    endloop
  endfacet
  facet normal 0.585020005703 0.671943962574 0.454139739275
    outer loop
      vertex 28.6107463837 125.877571106 119.029342651
      vertex 37.5259132385 114.704338074 103.715927124
      vertex 33.0557479858 130.069458008 117.992485046
    endloop
  endfacet
  facet normal 0.222834557295 -0.948929488659 0.22333291173
    outer loop
      vertex 34.1403427124 129.752655029 119.932258606
      vertex 57.2063522339 106.734352112 130.766204834
      vertex 43.0426025391 110.923622131 126.454208374
    endloop
  endfacet
  facet normal 0.535771667957 0.633418798447 -0.558327317238
    outer loop
      vertex 29.1391887665 30.797252655 119.249183655
      vertex 41.9593544006 21.2318935394 116.836753845
      vertex 36.9766044617 34.0693244934 109.735809326
    endloop
  endfacet
  facet normal 0.21556918323 -0.942453086376 -0.255562394857
    outer loop
      vertex 48.6591491699 47.0389709473 128.069732666
      vertex 53.3469314575 37.9185333252 126.668807983
      vertex 40.8520011902 20.9204349518 119.20149231
    endloop
  endfacet
  facet normal 0.500117182732 0.702144563198 0.50682926178
    outer loop
      vertex 33.0557479858 130.069458008 117.992485046
      vertex 44.5014686584 120.470863342 102.911476135
      vertex 38.6447868347 130.411437988 114.258430481
    endloop
  endfacet
  facet normal 0.441641777754 0.599941670895 0.667100071907
    outer loop
      vertex 33.0557479858 130.069458008 117.992485046
      vertex 38.6447868347 130.411437988 114.258430481
      vertex 40.0369758606 135.751495361 119.171409607
    endloop
  endfacet
  facet normal 0.598828077316 0.373711258173 -0.708339512348
    outer loop
      vertex 40.8520011902 20.9204349518 119.20149231
      vertex 41.9593544006 21.2318935394 116.836753845
      vertex 29.1391887665 30.797252655 119.249183655
    endloop
  endfacet
  facet normal 0.604210853577 0.704662561417 -0.371994584799
    outer loop
      vertex 35.4307937622 59.4774856567 95.9550704956
      vertex 22.6179122925 50.0859947205 111.899253845
      vertex 33.8553695679 45.9050140381 104.47088623
    endloop
  endfacet
  facet normal 0.816369235516 -0.31558483839 -0.483681231737
    outer loop
      vertex 34.4801940918 59.5743179321 90.1414031982
      vertex 43.8833045959 47.0391273499 95.2537307739
      vertex 35.336479187 49.8911895752 77.515625
    endloop
  endfacet
  facet normal 0.817413806915 -0.124287873507 -0.562483072281
    outer loop
      vertex 34.4801940918 59.5743179321 90.1414031982
      vertex 35.4307937622 59.4774856567 95.9550704956
      vertex 43.8833045959 47.0391273499 95.2537307739
    endloop
  endfacet
  facet normal 0.69988489151 -0.284419238567 -0.655184566975
    outer loop
      vertex 37.0609359741 33.7164230347 47.7755622864
      vertex 30.5983886719 37.1465148926 39.7743644714
      vertex 43.8833045959 47.0391273499 95.2537307739
    endloop
  endfacet
  facet normal 0.57443356514 0.680869400501 -0.454359918833
    outer loop
      vertex 36.9766044617 34.0693244934 109.735809326
      vertex 43.8833045959 47.0391273499 95.2537307739
      vertex 33.8553695679 45.9050140381 104.47088623
    endloop
  endfacet
  facet normal 0.373571872711 0.7060521245 -0.601609885693
    outer loop
      vertex 46.9563941956 34.2762985229 103.0779953
      vertex 41.9593544006 21.2318935394 116.836753845
      vertex 52.9522781372 26.4683055878 106.558578491
    endloop
  endfacet
  facet normal 0.163797944784 -0.945642709732 0.280944943428
    outer loop
      vertex 34.1403427124 129.752655029 119.932258606
      vertex 40.0369758606 135.751495361 119.171409607
      vertex 57.2063522339 106.734352112 130.766204834
    endloop
  endfacet
  facet normal 0.183488577604 -0.945439755917 0.269212931395
    outer loop
      vertex 40.0369758606 135.751495361 119.171409607
      vertex 61.8174247742 111.687835693 130.250610352
      vertex 57.2063522339 106.734352112 130.766204834
    endloop
  endfacet
  facet normal 0.167127937078 -0.944297909737 0.283495515585
    outer loop
      vertex 40.0369758606 135.751495361 119.171409607
      vertex 46.5132751465 139.819290161 119.096405029
      vertex 61.8174247742 111.687835693 130.250610352
    endloop
  endfacet
  facet normal 0.415251404047 0.637091159821 0.649369835854
    outer loop
      vertex 40.0369758606 135.751495361 119.171409607
      vertex 47.2721214294 132.161071777 110.795967102
      vertex 46.5132751465 139.819290161 119.096405029
    endloop
  endfacet
  facet normal 0.388284832239 0.62552267313 0.676724672318
    outer loop
      vertex 38.6447868347 130.411437988 114.258430481
      vertex 47.2721214294 132.161071777 110.795967102
      vertex 40.0369758606 135.751495361 119.171409607
    endloop
  endfacet
  facet normal 0.712597966194 -0.281227737665 0.642740309238
    outer loop
      vertex 36.7749710083 124.343017578 44.4646873474
      vertex 41.7511444092 107.821136475 94.8341369629
      vertex 37.0374488831 114.388061523 67.8816223145
    endloop
  endfacet
  facet normal 0.52903097868 0.662572562695 0.530211091042
    outer loop
      vertex 37.5259132385 114.704338074 103.715927124
      vertex 41.7511444092 107.821136475 94.8341369629
      vertex 50.1738853455 116.33821106 94.9246292114
    endloop
  endfacet
  facet normal 0.402432352304 0.711909472942 0.575528562069
    outer loop
      vertex 44.5014686584 120.470863342 102.911476135
      vertex 47.2721214294 132.161071777 110.795967102
      vertex 38.6447868347 130.411437988 114.258430481
    endloop
  endfacet
  facet normal 0.512724757195 -0.281920403242 -0.810946524143
    outer loop
      vertex 53.72838974 30.8857498169 73.2489700317
      vertex 39.6811523438 26.9959774017 36.5124855042
      vertex 55.2258377075 37.36145401 94.5997848511
    endloop
  endfacet
  facet normal 0.612902700901 -0.294835835695 -0.733090817928
    outer loop
      vertex 39.6811523438 26.9959774017 36.5124855042
      vertex 37.0609359741 33.7164230347 47.7755622864
      vertex 55.2258377075 37.36145401 94.5997848511
    endloop
  endfacet
  facet normal 0.161077871919 -0.941728293896 -0.295299351215
    outer loop
      vertex 40.8520011902 20.9204349518 119.20149231
      vertex 53.3469314575 37.9185333252 126.668807983
      vertex 53.0699462891 14.2167234421 119.189216614
    endloop
  endfacet
  facet normal 0.320365041494 0.692344784737 0.646548509598
    outer loop
      vertex 47.2721214294 132.161071777 110.795967102
      vertex 56.1633377075 131.069015503 105.661956787
      vertex 55.4748916626 143.686080933 117.763008118
    endloop
  endfacet
  facet normal 0.310110926628 -0.407143622637 0.859107255936
    outer loop
      vertex 55.4748916626 143.686080933 117.763008118
      vertex 56.7627105713 143.117599487 119.94342804
      vertex 46.5132751465 139.819290161 119.096405029
    endloop
  endfacet
  facet normal 0.168944895267 -0.944273710251 0.282497435808
    outer loop
      vertex 46.5132751465 139.819290161 119.096405029
      vertex 56.7627105713 143.117599487 119.94342804
      vertex 61.8174247742 111.687835693 130.250610352
    endloop
  endfacet
  facet normal 0.161594495177 -0.941649496555 -0.295268446207
    outer loop
      vertex 53.3469314575 37.9185333252 126.668807983
      vertex 60.9271888733 31.2340812683 125.873634338
      vertex 53.0699462891 14.2167234421 119.189216614
    endloop
  endfacet
  facet normal 0.252768456936 0.67735773325 -0.69086509943
    outer loop
      vertex 55.2258377075 37.36145401 94.5997848511
      vertex 52.9522781372 26.4683055878 106.558578491
      vertex 64.1432723999 32.5801086426 96.1487731934
    endloop
  endfacet
  facet normal 0.110957831144 -0.949487566948 0.293533116579
    outer loop
      vertex 56.7627105713 143.117599487 119.94342804
      vertex 69.1300506592 118.702102661 128.936706543
      vertex 61.8174247742 111.687835693 130.250610352
    endloop
  endfacet
  facet normal 0.401508241892 0.712361633778 0.575614511967
    outer loop
      vertex 44.5014686584 120.470863342 102.911476135
      vertex 61.1330375671 122.70929718 95.3461608887
      vertex 47.2721214294 132.161071777 110.795967102
    endloop
  endfacet
  facet normal 0.37545928359 0.622137367725 0.687004685402
    outer loop
      vertex 50.1738853455 116.33821106 94.9246292114
      vertex 61.1330375671 122.70929718 95.3461608887
      vertex 44.5014686584 120.470863342 102.911476135
    endloop
  endfacet
  facet normal 0.530994534492 -0.296750187874 0.79371535778
    outer loop
      vertex 44.5783042908 123.847450256 62.6794815063
      vertex 51.357257843 128.621154785 62.0413322449
      vertex 61.1330375671 122.70929718 95.3461608887
    endloop
  endfacet
  facet normal 0.302927494049 -0.29026389122 0.907734453678
    outer loop
      vertex 56.003868103 139.570632935 35.7098846436
      vertex 67.8360061646 129.552352905 79.3881454468
      vertex 58.9734230042 125.708648682 82.1592178345
    endloop
  endfacet
  facet normal 0.10186354816 -0.941036105156 -0.322606444359
    outer loop
      vertex 53.0699462891 14.2167234421 119.189216614
      vertex 60.9271888733 31.2340812683 125.873634338
      vertex 65.0143966675 10.5167961121 119.213745117
    endloop
  endfacet
  facet normal 0.285178422928 0.694443523884 -0.660622000694
    outer loop
      vertex 52.9522781372 26.4683055878 106.558578491
      vertex 60.961807251 15.6356506348 113.574478149
      vertex 64.1432723999 32.5801086426 96.1487731934
    endloop
  endfacet
  facet normal 0.246418118477 0.548311412334 -0.799144983292
    outer loop
      vertex 53.0699462891 14.2167234421 119.189216614
      vertex 65.0143966675 10.5167961121 119.213745117
      vertex 60.961807251 15.6356506348 113.574478149
    endloop
  endfacet
  facet normal 0.299461275339 -0.285280734301 0.910460233688
    outer loop
      vertex 56.003868103 139.570632935 35.7098846436
      vertex 62.2944908142 147.018692017 18.5430660248
      vertex 64.2076263428 137.47744751 51.0017204285
    endloop
  endfacet
  facet normal 0.489825308323 -0.202114313841 -0.84806895256
    outer loop
      vertex 63.3833007812 30.1331253052 84.0394744873
      vertex 55.2258377075 37.36145401 94.5997848511
      vertex 64.1432723999 32.5801086426 96.1487731934
    endloop
  endfacet
  facet normal 0.148076057434 -0.948295712471 -0.2807289958
    outer loop
      vertex 53.3469314575 37.9185333252 126.668807983
      vertex 73.616973877 63.3583946228 137.365066528
      vertex 60.9271888733 31.2340812683 125.873634338
    endloop
  endfacet
  facet normal 0.234948962927 -0.953778326511 0.18736551702
    outer loop
      vertex 43.0426025391 110.923622131 126.454208374
      vertex 57.2063522339 106.734352112 130.766204834
      vertex 48.4759635925 93.7200927734 131.172195435
    endloop
  endfacet
  facet normal 0.314922660589 -0.259241193533 0.913026690483
    outer loop
      vertex 58.9734230042 125.708648682 82.1592178345
      vertex 67.8360061646 129.552352905 79.3881454468
      vertex 61.1330375671 122.70929718 95.3461608887
    endloop
  endfacet
  facet normal 0.193251341581 -0.271574169397 -0.94281566143
    outer loop
      vertex 66.4153518677 16.7915973663 43.9560699463
      vertex 74.927520752 2.38567852974 0.000718910363503
      vertex 55.8626480103 6.29347276688 0.00078274164116
    endloop
  endfacet
  facet normal 0.255690157413 -0.287844836712 -0.922912716866
    outer loop
      vertex 59.9485740662 17.9313220978 41.8659667969
      vertex 63.3833007812 30.1331253052 84.0394744873
      vertex 66.4153518677 16.7915973663 43.9560699463
    endloop
  endfacet
  facet normal 0.160292342305 0.70301014185 -0.69288033247
    outer loop
      vertex 64.1432723999 32.5801086426 96.1487731934
      vertex 60.961807251 15.6356506348 113.574478149
      vertex 69.3282775879 21.696767807 105.693069458
    endloop
  endfacet
  facet normal 0.279778271914 -0.948184669018 -0.150565594435
    outer loop
      vertex 40.8425941467 62.5935707092 128.783584595
      vertex 71.1658172607 72.4624786377 139.298095703
      vertex 42.9447212219 53.3997497559 127.94392395
    endloop
  endfacet
  facet normal 0.0526811219752 -0.945424079895 0.321555614471
    outer loop
      vertex 56.7627105713 143.117599487 119.94342804
      vertex 74.5873184204 147.794235229 119.346046448
      vertex 69.1300506592 118.702102661 128.936706543
    endloop
  endfacet
  facet normal 0.0680006816983 -0.923647046089 0.377163082361
    outer loop
      vertex 56.7627105713 143.117599487 119.94342804
      vertex 64.9454879761 147.18182373 118.886268616
      vertex 74.5873184204 147.794235229 119.346046448
    endloop
  endfacet
  facet normal 0.316480487585 0.561108648777 0.764851093292
    outer loop
      vertex 61.1330375671 122.70929718 95.3461608887
      vertex 70.4340209961 125.915588379 94.4706726074
      vertex 71.5014801025 130.983154297 100.776222229
    endloop
  endfacet
  facet normal 0.197259634733 -0.286929398775 0.937422096729
    outer loop
      vertex 64.2076263428 137.47744751 51.0017204285
      vertex 69.9892120361 143.191589355 36.3079109192
      vertex 67.8360061646 129.552352905 79.3881454468
    endloop
  endfacet
  facet normal 0.218035429716 -0.293324261904 -0.930817604065
    outer loop
      vertex 63.3833007812 30.1331253052 84.0394744873
      vertex 75.2250366211 30.7024211884 94.6483001709
      vertex 66.4153518677 16.7915973663 43.9560699463
    endloop
  endfacet
  facet normal 0.136557266116 -0.204442560673 -0.969306647778
    outer loop
      vertex 63.3833007812 30.1331253052 84.0394744873
      vertex 64.1432723999 32.5801086426 96.1487731934
      vertex 75.2250366211 30.7024211884 94.6483001709
    endloop
  endfacet
  facet normal 0.204583525658 -0.977968454361 -0.0415128804743
    outer loop
      vertex 39.4337654114 80.5004119873 129.339172363
      vertex 43.7557907104 86.415184021 130.494384766
      vertex 37.993686676 73.4011764526 128.736572266
    endloop
  endfacet
  facet normal 0.0264385659248 0.553947627544 0.832131624222
    outer loop
      vertex 64.9454879761 147.18182373 118.886268616
      vertex 72.3375091553 144.264663696 114.151344299
      vertex 74.5873184204 147.794235229 119.346046448
    endloop
  endfacet
  facet normal 0.989703893661 0.143129870296 0.000135792186484
    outer loop
      vertex 72.4423446655 146.319824219 92.4874191284
      vertex 72.0455780029 149.250854492 95.2337646484
      vertex 72.0640792847 128.425445557 95.0860595703
    endloop
  endfacet
  facet normal 0.963916182518 -0.266191869974 -0.00274435989559
    outer loop
      vertex 72.0455780029 149.250854492 95.2337646484
      vertex 73.112739563 133.660934448 98.9373703003
      vertex 72.0640792847 128.425445557 95.0860595703
    endloop
  endfacet
  facet normal 0.95624679327 -0.292533278465 0.00403840467334
    outer loop
      vertex 72.0455780029 149.250854492 95.2337646484
      vertex 73.2621688843 157.864685059 99.0917053223
      vertex 73.112739563 133.660934448 98.9373703003
    endloop
  endfacet
  facet normal 0.947850823402 -0.318592280149 -0.00881864503026
    outer loop
      vertex 72.2879104614 173.046539307 96.6134033203
      vertex 73.2621688843 157.864685059 99.0917053223
      vertex 72.0455780029 149.250854492 95.2337646484
    endloop
  endfacet
  facet normal 0.986378192902 0.163331732154 0.0195149667561
    outer loop
      vertex 72.4423446655 146.319824219 92.4874191284
      vertex 72.2879104614 173.046539307 96.6134033203
      vertex 72.0455780029 149.250854492 95.2337646484
    endloop
  endfacet
  facet normal 0.936090171337 0.20828525722 0.283465027809
    outer loop
      vertex 74.4976272583 176.023239136 90.7334671021
      vertex 73.0282058716 176.148284912 97.5076293945
      vertex 72.2879104614 173.046539307 96.6134033203
    endloop
  endfacet
  facet normal 0.942497491837 0.331078857183 0.0456647984684
    outer loop
      vertex 74.4976272583 176.023239136 90.7334671021
      vertex 72.2879104614 173.046539307 96.6134033203
      vertex 72.4423446655 146.319824219 92.4874191284
    endloop
  endfacet
  facet normal 0.89584761858 0.252830117941 0.365423023701
    outer loop
      vertex 71.5014801025 130.983154297 100.776222229
      vertex 72.0640792847 128.425445557 95.0860595703
      vertex 73.112739563 133.660934448 98.9373703003
    endloop
  endfacet
  facet normal 0.752458631992 0.330485403538 0.569724023342
    outer loop
      vertex 70.4340209961 125.915588379 94.4706726074
      vertex 72.0640792847 128.425445557 95.0860595703
      vertex 71.5014801025 130.983154297 100.776222229
    endloop
  endfacet
  facet normal 0.809144079685 0.161265283823 0.565048098564
    outer loop
      vertex 73.273147583 128.263763428 88.4530792236
      vertex 72.0640792847 128.425445557 95.0860595703
      vertex 70.4340209961 125.915588379 94.4706726074
    endloop
  endfacet
  facet normal 0.898939490318 0.436556011438 0.0364225581288
    outer loop
      vertex 74.4976272583 176.023239136 90.7334671021
      vertex 72.4423446655 146.319824219 92.4874191284
      vertex 74.3662185669 157.107803345 89.4259185791
    endloop
  endfacet
  facet normal 0.780020833015 0.62458974123 -0.0381465181708
    outer loop
      vertex 74.3662185669 157.107803345 89.4259185791
      vertex 72.4423446655 146.319824219 92.4874191284
      vertex 76.6325531006 131.144744873 88.1812744141
    endloop
  endfacet
  facet normal 0.820198178291 0.568352103233 -0.0651986971498
    outer loop
      vertex 76.6325531006 131.144744873 88.1812744141
      vertex 72.4423446655 146.319824219 92.4874191284
      vertex 72.0640792847 128.425445557 95.0860595703
    endloop
  endfacet
  facet normal 0.651215672493 0.136899441481 0.746442675591
    outer loop
      vertex 76.6325531006 131.144744873 88.1812744141
      vertex 72.0640792847 128.425445557 95.0860595703
      vertex 73.273147583 128.263763428 88.4530792236
    endloop
  endfacet
  facet normal 0.105663388968 -0.284340441227 0.952882885933
    outer loop
      vertex 75.4258499146 140.80418396 46.328918457
      vertex 69.9892120361 143.191589355 36.3079109192
      vertex 69.4042205811 153.961013794 8.0831523519e-07
    endloop
  endfacet
  facet normal 0.210968315601 0.68289899826 -0.699386417866
    outer loop
      vertex 64.1432723999 32.5801086426 96.1487731934
      vertex 69.3282775879 21.696767807 105.693069458
      vertex 75.2250366211 30.7024211884 94.6483001709
    endloop
  endfacet
  facet normal 0.763387560844 -0.645928263664 -0.00402142992243
    outer loop
      vertex 72.2879104614 173.046539307 96.6134033203
      vertex 73.0282058716 176.148284912 97.5076293945
      vertex 76.8520812988 174.923400879 102.019241333
    endloop
  endfacet
  facet normal 0.772107362747 -0.633209168911 0.0538176111877
    outer loop
      vertex 72.2879104614 173.046539307 96.6134033203
      vertex 76.8520812988 174.923400879 102.019241333
      vertex 73.2621688843 157.864685059 99.0917053223
    endloop
  endfacet
  facet normal 0.0398779921234 0.00432706763968 0.999195158482
    outer loop
      vertex 73.0282058716 176.148284912 97.5076293945
      vertex 82.1304855347 176.485687256 91.533454895
      vertex 80.0514755249 176.447616577 101.903701782
    endloop
  endfacet
  facet normal 0.0572266057134 0.0308334864676 0.997884988785
    outer loop
      vertex 74.4976272583 176.023239136 90.7334671021
      vertex 82.1304855347 176.485687256 91.533454895
      vertex 73.0282058716 176.148284912 97.5076293945
    endloop
  endfacet
  facet normal 0.696021556854 0.494539320469 -0.520561993122
    outer loop
      vertex 79.663482666 172.545303345 87.123916626
      vertex 77.3327636719 175.896331787 86.8768234253
      vertex 74.4976272583 176.023239136 90.7334671021
    endloop
  endfacet
  facet normal 0.11816726625 -0.290341734886 0.949598968029
    outer loop
      vertex 69.9892120361 143.191589355 36.3079109192
      vertex 75.4258499146 140.80418396 46.328918457
      vertex 79.4053955078 129.368255615 85.3511886597
    endloop
  endfacet
  facet normal 0.164066717029 -0.28746253252 -0.943635225296
    outer loop
      vertex 66.4153518677 16.7915973663 43.9560699463
      vertex 75.2250366211 30.7024211884 94.6483001709
      vertex 71.9865036011 13.2884836197 35.636302948
    endloop
  endfacet
  facet normal 0.0422184467316 0.702661037445 0.710271120071
    outer loop
      vertex 71.5014801025 130.983154297 100.776222229
      vertex 81.4011459351 138.133865356 107.409576416
      vertex 72.3375091553 144.264663696 114.151344299
    endloop
  endfacet
  facet normal 0.766276836395 -0.64251023531 0.000634024967439
    outer loop
      vertex 76.0507125854 135.997116089 102.438980103
      vertex 73.112739563 133.660934448 98.9373703003
      vertex 73.2621688843 157.864685059 99.0917053223
    endloop
  endfacet
  facet normal 0.717634916306 -0.696256577969 0.0150638073683
    outer loop
      vertex 75.9867248535 159.491500854 101.864723206
      vertex 76.0507125854 135.997116089 102.438980103
      vertex 73.2621688843 157.864685059 99.0917053223
    endloop
  endfacet
  facet normal 0.722696661949 -0.690347492695 0.0336135514081
    outer loop
      vertex 76.8520812988 174.923400879 102.019241333
      vertex 75.9867248535 159.491500854 101.864723206
      vertex 73.2621688843 157.864685059 99.0917053223
    endloop
  endfacet
  facet normal 0.0528398416936 0.0716171115637 0.996031582355
    outer loop
      vertex 77.3327636719 175.896331787 86.8768234253
      vertex 82.1304855347 176.485687256 91.533454895
      vertex 74.4976272583 176.023239136 90.7334671021
    endloop
  endfacet
  facet normal 0.0573705993593 -0.279628306627 0.958392739296
    outer loop
      vertex 75.4258499146 140.80418396 46.328918457
      vertex 69.4042205811 153.961013794 8.0831523519e-07
      vertex 82.7904510498 154.762329102 8.0831523519e-07
    endloop
  endfacet
  facet normal 0.0977447852492 -0.967837393284 -0.231811866164
    outer loop
      vertex 71.1658172607 72.4624786377 139.298095703
      vertex 79.7535705566 79.9978179932 141.970214844
      vertex 73.616973877 63.3583946228 137.365066528
    endloop
  endfacet
  facet normal 0.24347935617 -0.950512588024 0.192986115813
    outer loop
      vertex 57.2063522339 106.734352112 130.766204834
      vertex 79.7535705566 79.9978179932 141.970214844
      vertex 48.4759635925 93.7200927734 131.172195435
    endloop
  endfacet
  facet normal 0.137389853597 -0.949515879154 0.282034873962
    outer loop
      vertex 69.1300506592 118.702102661 128.936706543
      vertex 79.7535705566 79.9978179932 141.970214844
      vertex 57.2063522339 106.734352112 130.766204834
    endloop
  endfacet
  facet normal 0.00628237240016 -0.945288777351 0.326174348593
    outer loop
      vertex 74.5873184204 147.794235229 119.346046448
      vertex 83.9282531738 148.38961792 119.202697754
      vertex 83.3874053955 123.993469238 127.617050171
    endloop
  endfacet
  facet normal 0.0802278891206 0.536186873913 0.840278029442
    outer loop
      vertex 74.5873184204 147.794235229 119.346046448
      vertex 72.3375091553 144.264663696 114.151344299
      vertex 85.8363113403 147.623901367 117.395965576
    endloop
  endfacet
  facet normal 0.278345644474 -0.960212409496 0.0227118320763
    outer loop
      vertex 75.9867248535 159.491500854 101.864723206
      vertex 78.7445068359 151.561477661 102.851715088
      vertex 76.0507125854 135.997116089 102.438980103
    endloop
  endfacet
  facet normal 0.315925270319 -0.948748469353 0.00821614544839
    outer loop
      vertex 76.8520812988 174.923400879 102.019241333
      vertex 78.7445068359 151.561477661 102.851715088
      vertex 75.9867248535 159.491500854 101.864723206
    endloop
  endfacet
  facet normal -0.515193879604 0.838361859322 -0.178114011884
    outer loop
      vertex 79.4053955078 129.368255615 85.3511886597
      vertex 87.3244781494 128.132324219 90.4802398682
      vertex 83.4105453491 130.379470825 87.5976104736
    endloop
  endfacet
  facet normal -0.0502638854086 -0.294290393591 -0.954393386841
    outer loop
      vertex 82.2974777222 7.73545885086 18.5589008331
      vertex 77.6832351685 17.053232193 49.5648422241
      vertex 88.6730804443 17.4679489136 49.0327529907
    endloop
  endfacet
  facet normal -0.0498379506171 -0.282765001059 -0.957893610001
    outer loop
      vertex 77.6832351685 17.053232193 49.5648422241
      vertex 88.9248428345 31.1892986298 95.4707641602
      vertex 88.6730804443 17.4679489136 49.0327529907
    endloop
  endfacet
  facet normal -0.016557533294 -0.290552169085 -0.956715881824
    outer loop
      vertex 77.6832351685 17.053232193 49.5648422241
      vertex 75.2250366211 30.7024211884 94.6483001709
      vertex 88.9248428345 31.1892986298 95.4707641602
    endloop
  endfacet
  facet normal -0.103026032448 -0.950134217739 -0.294330865145
    outer loop
      vertex 81.2219314575 58.0826301575 136.019515991
      vertex 99.0069351196 42.3504714966 129.217559814
      vertex 91.2921142578 28.0937004089 125.637664795
    endloop
  endfacet
  facet normal -0.211977124214 -0.959002912045 0.188093334436
    outer loop
      vertex 79.7535705566 79.9978179932 141.970214844
      vertex 89.1188735962 89.6619338989 138.004653931
      vertex 91.2947540283 83.4462966919 138.742797852
    endloop
  endfacet
  facet normal -0.0544587336481 -0.944319009781 0.324493288994
    outer loop
      vertex 83.9282531738 148.38961792 119.202697754
      vertex 92.4213485718 146.961929321 119.203483582
      vertex 83.3874053955 123.993469238 127.617050171
    endloop
  endfacet
  facet normal -0.209190309048 -0.297043383121 0.931667685509
    outer loop
      vertex 95.1776428223 136.875976562 53.3183364868
      vertex 97.0651779175 128.30039978 78.8860778809
      vertex 87.9177398682 135.293655396 63.3939361572
    endloop
  endfacet
  facet normal -0.19702796638 -0.289087116718 0.936807692051
    outer loop
      vertex 87.9177398682 135.293655396 63.3939361572
      vertex 94.434211731 148.080703735 17.515291214
      vertex 95.1776428223 136.875976562 53.3183364868
    endloop
  endfacet
  facet normal -0.141917660832 -0.279237031937 -0.949676811695
    outer loop
      vertex 88.6730804443 17.4679489136 49.0327529907
      vertex 95.553817749 11.6145343781 25.6284408569
      vertex 94.3985137939 3.90626239777 8.0831523519e-07
    endloop
  endfacet
  facet normal -0.228030562401 0.672303259373 -0.704280018806
    outer loop
      vertex 88.5347213745 20.8269329071 106.19367981
      vertex 102.097473145 29.5978469849 101.605781555
      vertex 88.9248428345 31.1892986298 95.4707641602
    endloop
  endfacet
  facet normal -0.067037075758 -0.716023802757 -0.694849610329
    outer loop
      vertex 96.4676361084 11.7764959335 119.886169434
      vertex 94.2916488647 9.90092468262 118.269790649
      vertex 85.053237915 8.78182411194 118.048721313
    endloop
  endfacet
  facet normal -0.123400688171 -0.950237393379 0.286044001579
    outer loop
      vertex 102.767860413 124.114295959 125.861183167
      vertex 89.1188735962 89.6619338989 138.004653931
      vertex 90.2889099121 114.353904724 130.419845581
    endloop
  endfacet
  facet normal -0.161112040281 0.235989004374 0.958306908607
    outer loop
      vertex 85.8363113403 147.623901367 117.395965576
      vertex 92.4213485718 146.961929321 119.203483582
      vertex 83.9282531738 148.38961792 119.202697754
    endloop
  endfacet
  facet normal -0.157546579838 0.702778995037 -0.693744003773
    outer loop
      vertex 88.5347213745 20.8269329071 106.19367981
      vertex 94.2916488647 9.90092468262 118.269790649
      vertex 100.619262695 15.0498123169 114.60559845
    endloop
  endfacet
  facet normal -0.183800905943 -0.957622170448 -0.221758887172
    outer loop
      vertex 112.248153687 53.7220230103 129.309448242
      vertex 112.546615601 41.2353019714 126.360580444
      vertex 99.0069351196 42.3504714966 129.217559814
    endloop
  endfacet
  facet normal -0.243165805936 -0.949583530426 0.197892799973
    outer loop
      vertex 116.909591675 105.283050537 127.6326828
      vertex 91.2947540283 83.4462966919 138.742797852
      vertex 89.1188735962 89.6619338989 138.004653931
    endloop
  endfacet
  facet normal -0.343177586794 -0.276348054409 0.89769756794
    outer loop
      vertex 97.0651779175 128.30039978 78.8860778809
      vertex 100.88495636 126.518112183 79.9322052002
      vertex 93.428276062 124.768737793 94.8748703003
    endloop
  endfacet
  facet normal -0.393432945013 -0.298144817352 0.869666695595
    outer loop
      vertex 93.428276062 124.768737793 94.8748703003
      vertex 100.88495636 126.518112183 79.9322052002
      vertex 107.63910675 118.090019226 95.6035385132
    endloop
  endfacet
  facet normal -0.237661644816 0.70470815897 0.668508291245
    outer loop
      vertex 94.4927139282 134.806777954 106.039672852
      vertex 104.009689331 131.824569702 106.42024231
      vertex 103.074996948 144.277160645 117.917938232
    endloop
  endfacet
  facet normal -0.397273719311 -0.289895683527 -0.870708942413
    outer loop
      vertex 96.9137954712 32.7260017395 91.9885940552
      vertex 104.555961609 37.2456970215 95.0907821655
      vertex 102.152961731 28.9225921631 73.3852005005
    endloop
  endfacet
  facet normal -0.298174500465 -0.949412822723 -0.0985254719853
    outer loop
      vertex 87.0912628174 73.3737487793 139.885726929
      vertex 116.678413391 71.2298660278 130.371047974
      vertex 125.584098816 58.2431564331 126.226409912
    endloop
  endfacet
  facet normal -0.116451829672 -0.94862985611 0.294177502394
    outer loop
      vertex 107.832946777 140.984191895 120.007919312
      vertex 102.767860413 124.114295959 125.861183167
      vertex 90.2889099121 114.353904724 130.419845581
    endloop
  endfacet
  facet normal -0.347627162933 0.699908494949 0.623925864697
    outer loop
      vertex 104.009689331 131.824569702 106.42024231
      vertex 93.428276062 124.768737793 94.8748703003
      vertex 110.432746887 124.548377991 103.124130249
    endloop
  endfacet
  facet normal -0.339350283146 0.682213902473 0.647630751133
    outer loop
      vertex 93.428276062 124.768737793 94.8748703003
      vertex 107.63910675 118.090019226 95.6035385132
      vertex 110.432746887 124.548377991 103.124130249
    endloop
  endfacet
  facet normal -0.289842039347 0.692235946655 0.660909175873
    outer loop
      vertex 104.009689331 131.824569702 106.42024231
      vertex 113.949081421 137.649902344 116.143615723
      vertex 103.074996948 144.277160645 117.917938232
    endloop
  endfacet
  facet normal -0.12043916434 -0.750195682049 0.650154471397
    outer loop
      vertex 103.074996948 144.277160645 117.917938232
      vertex 110.508956909 141.913040161 118.77331543
      vertex 107.832946777 140.984191895 120.007919312
    endloop
  endfacet
  facet normal -0.101493157446 -0.949121117592 -0.298107713461
    outer loop
      vertex 99.0069351196 42.3504714966 129.217559814
      vertex 109.97114563 16.4970703125 119.924865723
      vertex 96.4676361084 11.7764959335 119.886169434
    endloop
  endfacet
  facet normal -0.177876994014 -0.838101923466 -0.515698492527
    outer loop
      vertex 96.4676361084 11.7764959335 119.886169434
      vertex 109.97114563 16.4970703125 119.924865723
      vertex 102.973503113 11.9431591034 118.607933044
    endloop
  endfacet
  facet normal -0.319910079241 0.66799890995 -0.671889126301
    outer loop
      vertex 102.097473145 29.5978469849 101.605781555
      vertex 110.843719482 29.8102664948 105.5807724
      vertex 104.555961609 37.2456970215 95.0907821655
    endloop
  endfacet
  facet normal -0.592356801033 0.674966156483 0.43992510438
    outer loop
      vertex 127.505363464 107.520309448 103.560882568
      vertex 116.40586853 109.813591003 95.3145599365
      vertex 123.333457947 99.2532348633 94.5113220215
    endloop
  endfacet
  facet normal -0.812340021133 -0.295291870832 0.502897977829
    outer loop
      vertex 121.782287598 108.516990662 83.0018768311
      vertex 126.138420105 106.327064514 74.7478485107
      vertex 123.333457947 99.2532348633 94.5113220215
    endloop
  endfacet
  facet normal -0.898054778576 -0.295734405518 0.325636029243
    outer loop
      vertex 129.854537964 96.8361434937 77.3702926636
      vertex 127.491294861 87.2880706787 95.0602111816
      vertex 123.333457947 99.2532348633 94.5113220215
    endloop
  endfacet
  facet normal -0.514665186405 -0.504256725311 -0.693429768085
    outer loop
      vertex 121.696624756 24.0386199951 119.957931519
      vertex 129.122192383 29.0303058624 119.243423462
      vertex 120.770805359 21.8302001953 117.865943909
    endloop
  endfacet
  facet normal -0.587991178036 0.694321811199 -0.41495013237
    outer loop
      vertex 123.786712646 57.6011810303 95.2789535522
      vertex 117.59046936 48.6855049133 95.3599319458
      vertex 130.547058105 44.4034767151 108.891387939
    endloop
  endfacet
  facet normal -0.791326999664 -0.272139430046 -0.547486722469
    outer loop
      vertex 126.591262817 52.1003494263 76.0573806763
      vertex 117.59046936 48.6855049133 95.3599319458
      vertex 123.786712646 57.6011810303 95.2789535522
    endloop
  endfacet
  facet normal -0.700571835041 0.682330012321 -0.20886567235
    outer loop
      vertex 126.563667297 66.5750198364 95.3831939697
      vertex 123.786712646 57.6011810303 95.2789535522
      vertex 139.448043823 51.3635025024 113.268371582
    endloop
  endfacet
  facet normal -0.62940132618 0.678989708424 -0.377924472094
    outer loop
      vertex 123.786712646 57.6011810303 95.2789535522
      vertex 130.547058105 44.4034767151 108.891387939
      vertex 139.448043823 51.3635025024 113.268371582
    endloop
  endfacet
  facet normal -0.497516423464 0.679931938648 -0.538674235344
    outer loop
      vertex 119.692077637 31.7368602753 109.228096008
      vertex 120.770805359 21.8302001953 117.865943909
      vertex 132.19380188 32.1937599182 118.013816833
    endloop
  endfacet
  facet normal -0.91680842638 -0.277726650238 -0.286932468414
    outer loop
      vertex 133.948822021 63.3078689575 67.6284713745
      vertex 123.786712646 57.6011810303 95.2789535522
      vertex 126.563667297 66.5750198364 95.3831939697
    endloop
  endfacet
  facet normal -0.910389721394 -0.269856154919 -0.313637137413
    outer loop
      vertex 133.948822021 63.3078689575 67.6284713745
      vertex 131.547241211 56.8038253784 68.1712112427
      vertex 123.786712646 57.6011810303 95.2789535522
    endloop
  endfacet
  facet normal -0.949212670326 -0.2740637362 0.154545873404
    outer loop
      vertex 138.40965271 92.3364715576 54.3979187012
      vertex 141.254043579 83.1676177979 49.7168045044
      vertex 127.491294861 87.2880706787 95.0602111816
    endloop
  endfacet
  facet normal -0.859372198582 -0.288093686104 -0.422470659018
    outer loop
      vertex 131.547241211 56.8038253784 68.1712112427
      vertex 144.634841919 49.5550346375 18.501543045
      vertex 126.591262817 52.1003494263 76.0573806763
    endloop
  endfacet
  facet normal -0.687051653862 -0.276395201683 -0.671986401081
    outer loop
      vertex 126.472000122 36.4981269836 45.7178192139
      vertex 140.625808716 32.1650123596 8.0831523519e-07
      vertex 128.698394775 19.970205307 8.0831523519e-07
    endloop
  endfacet
  facet normal -0.655731916428 -0.284393131733 0.699382781982
    outer loop
      vertex 126.332191467 120.96938324 44.9927368164
      vertex 116.40586853 109.813591003 95.3145599365
      vertex 112.693008423 116.702171326 86.9348983765
    endloop
  endfacet
  facet normal -0.774917602539 -0.278629630804 0.567334294319
    outer loop
      vertex 126.332191467 120.96938324 44.9927368164
      vertex 121.782287598 108.516990662 83.0018768311
      vertex 116.40586853 109.813591003 95.3145599365
    endloop
  endfacet
  facet normal -0.860431015491 -0.292026281357 0.417587280273
    outer loop
      vertex 129.854537964 96.8361434937 77.3702926636
      vertex 126.138420105 106.327064514 74.7478485107
      vertex 136.766769409 108.933761597 39.7047920227
    endloop
  endfacet
  facet normal -0.745619356632 -0.287800848484 -0.601017832756
    outer loop
      vertex 126.472000122 36.4981269836 45.7178192139
      vertex 132.165679932 41.3854980469 41.1732902527
      vertex 140.625808716 32.1650123596 8.0831523519e-07
    endloop
  endfacet
  facet normal -0.901179432869 -0.285101503134 -0.326485514641
    outer loop
      vertex 141.654708862 59.5616073608 39.3805351257
      vertex 144.634841919 49.5550346375 18.501543045
      vertex 131.547241211 56.8038253784 68.1712112427
    endloop
  endfacet
  facet normal -0.953432202339 -0.285436987877 -0.097431063652
    outer loop
      vertex 150.331817627 75.4412155151 19.8375530243
      vertex 149.371185303 67.5181121826 20.3418636322
      vertex 132.234970093 74.2870559692 79.8916702271
    endloop
  endfacet
  facet normal -0.934657394886 -0.286031454802 -0.211190775037
    outer loop
      vertex 149.371185303 67.5181121826 20.3418636322
      vertex 133.948822021 63.3078689575 67.6284713745
      vertex 133.472991943 69.0512313843 73.4239273071
    endloop
  endfacet
  facet normal -0.825708448887 -0.264364659786 -0.498314023018
    outer loop
      vertex 141.612686157 43.98254776 19.1930656433
      vertex 148.660644531 45.4787940979 8.0831523519e-07
      vertex 140.625808716 32.1650123596 8.0831523519e-07
    endloop
  endfacet
  facet normal -0.869621634483 -0.279867768288 0.40673366189
    outer loop
      vertex 145.446075439 102.459831238 22.1445655823
      vertex 136.766769409 108.933761597 39.7047920227
      vertex 146.532073975 115.375061035 0.000288049137453
    endloop
  endfacet
  facet normal -0.896528422832 -0.272095769644 -0.349572092295
    outer loop
      vertex 144.634841919 49.5550346375 18.501543045
      vertex 149.309936523 56.9573783875 12.6076383591
      vertex 148.660644531 45.4787940979 8.0831523519e-07
    endloop
  endfacet
  facet normal -0.919873714447 -0.237089753151 -0.312443345785
    outer loop
      vertex 149.309936523 56.9573783875 12.6076383591
      vertex 154.618743896 63.0987129211 0.103503249586
      vertex 148.660644531 45.4787940979 8.0831523519e-07
    endloop
  endfacet
  facet normal -0.925708293915 -0.281311929226 0.25283947587
    outer loop
      vertex 138.40965271 92.3364715576 54.3979187012
      vertex 145.446075439 102.459831238 22.1445655823
      vertex 154.897613525 92.4909515381 0.00247959024273
    endloop
  endfacet
  facet normal -0.955793023109 -0.279457449913 0.0914505273104
    outer loop
      vertex 141.254043579 83.1676177979 49.7168045044
      vertex 154.897613525 92.4909515381 0.00247959024273
      vertex 156.295196533 77.8915710449 8.0831523519e-07
    endloop
  endfacet
  facet normal -0.957360446453 -0.288784503937 0.00802897755057
    outer loop
      vertex 150.331817627 75.4412155151 19.8375530243
      vertex 141.254043579 83.1676177979 49.7168045044
      vertex 156.295196533 77.8915710449 8.0831523519e-07
    endloop
  endfacet
  facet normal -0.955776035786 -0.274173915386 -0.106399141252
    outer loop
      vertex 150.331817627 75.4412155151 19.8375530243
      vertex 156.295196533 77.8915710449 8.0831523519e-07
      vertex 154.618743896 63.0987129211 0.103503249586
    endloop
  endfacet
  facet normal -0.955178260803 -0.280103415251 0.0957946032286
    outer loop
      vertex 141.254043579 83.1676177979 49.7168045044
      vertex 146.247070312 90.2949295044 30.2526245117
      vertex 154.897613525 92.4909515381 0.00247959024273
    endloop
  endfacet
  facet normal -0.957778275013 -0.26994612813 -0.0989440083504
    outer loop
      vertex 150.331817627 75.4412155151 19.8375530243
      vertex 154.618743896 63.0987129211 0.103503249586
      vertex 149.371185303 67.5181121826 20.3418636322
    endloop
  endfacet
  facet normal -0.931404352188 -0.282970637083 0.228940069675
    outer loop
      vertex 154.897613525 92.4909515381 0.00247959024273
      vertex 146.247070312 90.2949295044 30.2526245117
      vertex 138.40965271 92.3364715576 54.3979187012
    endloop
  endfacet
  facet normal -0.932319045067 -0.28916311264 -0.217177018523
    outer loop
      vertex 154.618743896 63.0987129211 0.103503249586
      vertex 149.309936523 56.9573783875 12.6076383591
      vertex 149.371185303 67.5181121826 20.3418636322
    endloop
  endfacet
  facet normal -0.911946237087 -0.23916977644 0.333394438028
    outer loop
      vertex 145.446075439 102.459831238 22.1445655823
      vertex 146.532073975 115.375061035 0.000288049137453
      vertex 154.897613525 92.4909515381 0.00247959024273
    endloop
  endfacet
  facet normal -0.822370409966 -0.282391488552 0.493925064802
    outer loop
      vertex 136.766769409 108.933761597 39.7047920227
      vertex 136.533966064 117.853012085 24.7823085785
      vertex 146.532073975 115.375061035 0.000288049137453
    endloop
  endfacet
  facet normal -0.857720732689 -0.28142619133 -0.430249214172
    outer loop
      vertex 141.612686157 43.98254776 19.1930656433
      vertex 144.634841919 49.5550346375 18.501543045
      vertex 148.660644531 45.4787940979 8.0831523519e-07
    endloop
  endfacet
  facet normal -0.932974100113 -0.287795126438 -0.216178953648
    outer loop
      vertex 149.371185303 67.5181121826 20.3418636322
      vertex 149.309936523 56.9573783875 12.6076383591
      vertex 141.654708862 59.5616073608 39.3805351257
    endloop
  endfacet
  facet normal -0.932186543941 -0.284051984549 -0.224371895194
    outer loop
      vertex 149.371185303 67.5181121826 20.3418636322
      vertex 141.654708862 59.5616073608 39.3805351257
      vertex 133.948822021 63.3078689575 67.6284713745
    endloop
  endfacet
  facet normal -0.802160084248 -0.282616943121 -0.52599132061
    outer loop
      vertex 132.165679932 41.3854980469 41.1732902527
      vertex 141.612686157 43.98254776 19.1930656433
      vertex 140.625808716 32.1650123596 8.0831523519e-07
    endloop
  endfacet
  facet normal -0.89641302824 -0.289000123739 -0.336039602757
    outer loop
      vertex 149.309936523 56.9573783875 12.6076383591
      vertex 144.634841919 49.5550346375 18.501543045
      vertex 141.654708862 59.5616073608 39.3805351257
    endloop
  endfacet
  facet normal -0.916844010353 -0.287098616362 0.277437210083
    outer loop
      vertex 145.446075439 102.459831238 22.1445655823
      vertex 138.40965271 92.3364715576 54.3979187012
      vertex 129.854537964 96.8361434937 77.3702926636
    endloop
  endfacet
  facet normal -0.728867828846 -0.270964711905 0.628752589226
    outer loop
      vertex 136.533966064 117.853012085 24.7823085785
      vertex 126.332191467 120.96938324 44.9927368164
      vertex 131.148651123 134.775894165 8.0831523519e-07
    endloop
  endfacet
  facet normal -0.818443953991 -0.285328119993 0.498735785484
    outer loop
      vertex 136.766769409 108.933761597 39.7047920227
      vertex 126.138420105 106.327064514 74.7478485107
      vertex 136.533966064 117.853012085 24.7823085785
    endloop
  endfacet
  facet normal -0.792365968227 -0.273500025272 0.545301616192
    outer loop
      vertex 121.782287598 108.516990662 83.0018768311
      vertex 126.332191467 120.96938324 44.9927368164
      vertex 126.138420105 106.327064514 74.7478485107
    endloop
  endfacet
  facet normal -0.599630534649 -0.286420673132 0.747265934944
    outer loop
      vertex 124.205551147 128.385726929 32.3508529663
      vertex 112.693008423 116.702171326 86.9348983765
      vertex 116.376739502 128.048355103 49.6209411621
    endloop
  endfacet
  facet normal -0.671280562878 -0.287787944078 0.683052361012
    outer loop
      vertex 124.205551147 128.385726929 32.3508529663
      vertex 126.332191467 120.96938324 44.9927368164
      vertex 112.693008423 116.702171326 86.9348983765
    endloop
  endfacet
  facet normal -0.684350430965 -0.279870003462 0.673303246498
    outer loop
      vertex 126.332191467 120.96938324 44.9927368164
      vertex 124.205551147 128.385726929 32.3508529663
      vertex 131.148651123 134.775894165 8.0831523519e-07
    endloop
  endfacet
  facet normal -0.757380485535 -0.292271673679 0.583911001682
    outer loop
      vertex 136.533966064 117.853012085 24.7823085785
      vertex 126.138420105 106.327064514 74.7478485107
      vertex 126.332191467 120.96938324 44.9927368164
    endloop
  endfacet
  facet normal -0.873500049114 -0.286676704884 0.393464326859
    outer loop
      vertex 136.766769409 108.933761597 39.7047920227
      vertex 145.446075439 102.459831238 22.1445655823
      vertex 129.854537964 96.8361434937 77.3702926636
    endloop
  endfacet
  facet normal -0.759448647499 -0.24618075788 0.602189958096
    outer loop
      vertex 136.533966064 117.853012085 24.7823085785
      vertex 131.148651123 134.775894165 8.0831523519e-07
      vertex 146.532073975 115.375061035 0.000288049137453
    endloop
  endfacet
  facet normal -0.957391798496 -0.288666456938 0.00852230936289
    outer loop
      vertex 150.331817627 75.4412155151 19.8375530243
      vertex 132.234970093 74.2870559692 79.8916702271
      vertex 141.254043579 83.1676177979 49.7168045044
    endloop
  endfacet
  facet normal -0.94860959053 -0.287904024124 -0.131343647838
    outer loop
      vertex 132.234970093 74.2870559692 79.8916702271
      vertex 149.371185303 67.5181121826 20.3418636322
      vertex 133.472991943 69.0512313843 73.4239273071
    endloop
  endfacet
  facet normal -0.944893300533 -0.2946408391 0.142700374126
    outer loop
      vertex 146.247070312 90.2949295044 30.2526245117
      vertex 141.254043579 83.1676177979 49.7168045044
      vertex 138.40965271 92.3364715576 54.3979187012
    endloop
  endfacet
  facet normal -0.223003357649 -0.271538883448 -0.936235070229
    outer loop
      vertex 95.553817749 11.6145343781 25.6284408569
      vertex 102.041000366 9.97211265564 14.6379098892
      vertex 94.3985137939 3.90626239777 8.0831523519e-07
    endloop
  endfacet
  facet normal -0.316638469696 -0.292694151402 -0.902258396149
    outer loop
      vertex 92.9618225098 26.3931064606 75.5308532715
      vertex 102.152961731 28.9225921631 73.3852005005
      vertex 103.146499634 19.0258636475 41.8027534485
    endloop
  endfacet
  facet normal -0.583263039589 -0.286928117275 -0.759918749332
    outer loop
      vertex 104.555961609 37.2456970215 95.0907821655
      vertex 112.858078003 42.5031661987 92.1385879517
      vertex 108.416107178 34.789478302 80.7387390137
    endloop
  endfacet
  facet normal -0.335783481598 0.705477058887 -0.624140679836
    outer loop
      vertex 102.097473145 29.5978469849 101.605781555
      vertex 111.432174683 15.9971857071 118.081390381
      vertex 110.843719482 29.8102664948 105.5807724
    endloop
  endfacet
  facet normal -0.421234488487 0.675851821899 0.604802310467
    outer loop
      vertex 107.63910675 118.090019226 95.6035385132
      vertex 123.990608215 124.965499878 111.947540283
      vertex 110.432746887 124.548377991 103.124130249
    endloop
  endfacet
  facet normal -0.494998246431 0.67439866066 0.547871470451
    outer loop
      vertex 116.40586853 109.813591003 95.3145599365
      vertex 130.512649536 116.691711426 111.256401062
      vertex 107.63910675 118.090019226 95.6035385132
    endloop
  endfacet
  facet normal -0.518301904202 0.715557157993 0.468338638544
    outer loop
      vertex 130.512649536 116.691711426 111.256401062
      vertex 123.990608215 124.965499878 111.947540283
      vertex 107.63910675 118.090019226 95.6035385132
    endloop
  endfacet
  facet normal -0.412426888943 0.663249611855 0.624503016472
    outer loop
      vertex 123.990608215 124.965499878 111.947540283
      vertex 120.835037231 134.701583862 119.152633667
      vertex 110.432746887 124.548377991 103.124130249
    endloop
  endfacet
  facet normal -0.51409804821 0.479931563139 0.710893034935
    outer loop
      vertex 110.508956909 141.913040161 118.77331543
      vertex 113.949081421 137.649902344 116.143615723
      vertex 120.835037231 134.701583862 119.152633667
    endloop
  endfacet
  facet normal -0.258155703545 -0.872175753117 0.415529847145
    outer loop
      vertex 110.508956909 141.913040161 118.77331543
      vertex 120.835037231 134.701583862 119.152633667
      vertex 107.832946777 140.984191895 120.007919312
    endloop
  endfacet
  facet normal -0.420444428921 0.751240134239 -0.508787512779
    outer loop
      vertex 122.251617432 40.8959999084 104.457435608
      vertex 110.843719482 29.8102664948 105.5807724
      vertex 119.692077637 31.7368602753 109.228096008
    endloop
  endfacet
  facet normal -0.368176758289 0.697120547295 -0.615198194981
    outer loop
      vertex 111.432174683 15.9971857071 118.081390381
      vertex 120.770805359 21.8302001953 117.865943909
      vertex 110.843719482 29.8102664948 105.5807724
    endloop
  endfacet
  facet normal -0.416006058455 0.707363545895 -0.571468114853
    outer loop
      vertex 110.843719482 29.8102664948 105.5807724
      vertex 120.770805359 21.8302001953 117.865943909
      vertex 119.692077637 31.7368602753 109.228096008
    endloop
  endfacet
  facet normal -0.809395611286 -0.286755472422 -0.512493908405
    outer loop
      vertex 132.165679932 41.3854980469 41.1732902527
      vertex 117.59046936 48.6855049133 95.3599319458
      vertex 126.591262817 52.1003494263 76.0573806763
    endloop
  endfacet
  facet normal -0.564361691475 -0.273605793715 0.778868257999
    outer loop
      vertex 116.376739502 128.048355103 49.6209411621
      vertex 115.054573059 141.109802246 15.1663637161
      vertex 131.148651123 134.775894165 8.0831523519e-07
    endloop
  endfacet
  facet normal -0.454742491245 -0.285702049732 -0.843554139137
    outer loop
      vertex 102.152961731 28.9225921631 73.3852005005
      vertex 108.416107178 34.789478302 80.7387390137
      vertex 117.871543884 21.4301338196 26.2444705963
    endloop
  endfacet
  facet normal -0.469130307436 -0.285044968128 -0.835862517357
    outer loop
      vertex 110.928443909 13.4494132996 14.2689437866
      vertex 117.871543884 21.4301338196 26.2444705963
      vertex 112.772483826 9.61981201172 0.00412324583158
    endloop
  endfacet
  facet normal -0.353755027056 -0.24583093822 0.902454733849
    outer loop
      vertex 97.0651779175 128.30039978 78.8860778809
      vertex 107.831108093 127.149131775 67.6200714111
      vertex 100.88495636 126.518112183 79.9322052002
    endloop
  endfacet
  facet normal -0.287154853344 -0.279165923595 0.916301488876
    outer loop
      vertex 95.1776428223 136.875976562 53.3183364868
      vertex 106.678565979 140.619537354 29.200838089
      vertex 99.3095474243 133.743225098 59.3507575989
    endloop
  endfacet
  facet normal -0.323271602392 -0.293788194656 0.899546504021
    outer loop
      vertex 103.151702881 146.177856445 16.0626983643
      vertex 106.678565979 140.619537354 29.200838089
      vertex 95.1776428223 136.875976562 53.3183364868
    endloop
  endfacet
  facet normal -0.386736482382 -0.286813467741 -0.876454770565
    outer loop
      vertex 110.928443909 13.4494132996 14.2689437866
      vertex 103.146499634 19.0258636475 41.8027534485
      vertex 102.152961731 28.9225921631 73.3852005005
    endloop
  endfacet
  facet normal -0.305204212666 -0.244218200445 0.920438945293
    outer loop
      vertex 103.151702881 146.177856445 16.0626983643
      vertex 94.1393127441 153.427749634 0.00141041597817
      vertex 112.012931824 147.500839233 0.00241575879045
    endloop
  endfacet
  facet normal -0.359719216824 -0.281816333532 -0.88948392868
    outer loop
      vertex 102.041000366 9.97211265564 14.6379098892
      vertex 103.146499634 19.0258636475 41.8027534485
      vertex 110.928443909 13.4494132996 14.2689437866
    endloop
  endfacet
  facet normal -0.364639937878 -0.187572285533 -0.912060499191
    outer loop
      vertex 102.041000366 9.97211265564 14.6379098892
      vertex 110.928443909 13.4494132996 14.2689437866
      vertex 94.3985137939 3.90626239777 8.0831523519e-07
    endloop
  endfacet
  facet normal -0.284762471914 -0.282714724541 -0.915960013866
    outer loop
      vertex 110.928443909 13.4494132996 14.2689437866
      vertex 112.772483826 9.61981201172 0.00412324583158
      vertex 94.3985137939 3.90626239777 8.0831523519e-07
    endloop
  endfacet
  facet normal -0.393379122019 -0.288943469524 0.872791230679
    outer loop
      vertex 115.054573059 141.109802246 15.1663637161
      vertex 103.151702881 146.177856445 16.0626983643
      vertex 112.012931824 147.500839233 0.00241575879045
    endloop
  endfacet
  facet normal -0.394517630339 -0.26617795229 0.879491388798
    outer loop
      vertex 103.151702881 146.177856445 16.0626983643
      vertex 115.054573059 141.109802246 15.1663637161
      vertex 106.678565979 140.619537354 29.200838089
    endloop
  endfacet
  facet normal -0.395065367222 -0.288398325443 0.872209668159
    outer loop
      vertex 99.3095474243 133.743225098 59.3507575989
      vertex 107.831108093 127.149131775 67.6200714111
      vertex 97.0651779175 128.30039978 78.8860778809
    endloop
  endfacet
  facet normal -0.38970682025 -0.294276833534 0.872656702995
    outer loop
      vertex 99.3095474243 133.743225098 59.3507575989
      vertex 106.678565979 140.619537354 29.200838089
      vertex 107.831108093 127.149131775 67.6200714111
    endloop
  endfacet
  facet normal -0.430876910686 -0.287041127682 0.855542182922
    outer loop
      vertex 106.678565979 140.619537354 29.200838089
      vertex 115.054573059 141.109802246 15.1663637161
      vertex 107.831108093 127.149131775 67.6200714111
    endloop
  endfacet
  facet normal -0.525948762894 -0.261985957623 -0.80916082859
    outer loop
      vertex 117.871543884 21.4301338196 26.2444705963
      vertex 128.698394775 19.970205307 8.0831523519e-07
      vertex 112.772483826 9.61981201172 0.00412324583158
    endloop
  endfacet
  facet normal -0.465144872665 -0.28813368082 -0.837029993534
    outer loop
      vertex 110.928443909 13.4494132996 14.2689437866
      vertex 102.152961731 28.9225921631 73.3852005005
      vertex 117.871543884 21.4301338196 26.2444705963
    endloop
  endfacet
  facet normal -0.5755828619 -0.287539869547 -0.765522837639
    outer loop
      vertex 117.871543884 21.4301338196 26.2444705963
      vertex 108.416107178 34.789478302 80.7387390137
      vertex 120.437614441 31.4054527283 47.6653251648
    endloop
  endfacet
  facet normal -0.538475811481 -0.233254551888 0.809713602066
    outer loop
      vertex 115.054573059 141.109802246 15.1663637161
      vertex 112.012931824 147.500839233 0.00241575879045
      vertex 131.148651123 134.775894165 8.0831523519e-07
    endloop
  endfacet
  facet normal -0.58517575264 -0.283666431904 -0.759672760963
    outer loop
      vertex 117.871543884 21.4301338196 26.2444705963
      vertex 120.437614441 31.4054527283 47.6653251648
      vertex 128.698394775 19.970205307 8.0831523519e-07
    endloop
  endfacet
  facet normal -0.744473516941 -0.281791508198 -0.60527074337
    outer loop
      vertex 132.165679932 41.3854980469 41.1732902527
      vertex 126.472000122 36.4981269836 45.7178192139
      vertex 117.59046936 48.6855049133 95.3599319458
    endloop
  endfacet
  facet normal -0.562108755112 0.684928178787 -0.463580787182
    outer loop
      vertex 117.59046936 48.6855049133 95.3599319458
      vertex 122.251617432 40.8959999084 104.457435608
      vertex 130.547058105 44.4034767151 108.891387939
    endloop
  endfacet
  facet normal -0.670260131359 -0.285198748112 -0.685137212276
    outer loop
      vertex 120.437614441 31.4054527283 47.6653251648
      vertex 112.858078003 42.5031661987 92.1385879517
      vertex 126.472000122 36.4981269836 45.7178192139
    endloop
  endfacet
  facet normal -0.682552933693 -0.287114351988 -0.672076523304
    outer loop
      vertex 112.858078003 42.5031661987 92.1385879517
      vertex 117.59046936 48.6855049133 95.3599319458
      vertex 126.472000122 36.4981269836 45.7178192139
    endloop
  endfacet
  facet normal -0.475211322308 0.680333614349 -0.557960927486
    outer loop
      vertex 104.555961609 37.2456970215 95.0907821655
      vertex 110.843719482 29.8102664948 105.5807724
      vertex 122.251617432 40.8959999084 104.457435608
    endloop
  endfacet
  facet normal -0.479541152716 0.699436485767 -0.52993285656
    outer loop
      vertex 104.555961609 37.2456970215 95.0907821655
      vertex 122.251617432 40.8959999084 104.457435608
      vertex 117.59046936 48.6855049133 95.3599319458
    endloop
  endfacet
  facet normal -0.453380674124 -0.544387817383 -0.705753386021
    outer loop
      vertex 111.432174683 15.9971857071 118.081390381
      vertex 121.696624756 24.0386199951 119.957931519
      vertex 120.770805359 21.8302001953 117.865943909
    endloop
  endfacet
  facet normal -0.519606530666 0.671702623367 0.52803850174
    outer loop
      vertex 113.949081421 137.649902344 116.143615723
      vertex 110.432746887 124.548377991 103.124130249
      vertex 120.835037231 134.701583862 119.152633667
    endloop
  endfacet
  facet normal -0.192352086306 -0.943557560444 0.269628971815
    outer loop
      vertex 107.832946777 140.984191895 120.007919312
      vertex 120.835037231 134.701583862 119.152633667
      vertex 102.767860413 124.114295959 125.861183167
    endloop
  endfacet
  facet normal -0.190395250916 -0.943081438541 0.272666603327
    outer loop
      vertex 102.767860413 124.114295959 125.861183167
      vertex 120.835037231 134.701583862 119.152633667
      vertex 107.864318848 112.949615479 128.060241699
    endloop
  endfacet
  facet normal -0.179055973887 -0.949355781078 -0.25819092989
    outer loop
      vertex 99.0069351196 42.3504714966 129.217559814
      vertex 112.546615601 41.2353019714 126.360580444
      vertex 121.696624756 24.0386199951 119.957931519
    endloop
  endfacet
  facet normal -0.320193856955 -0.870230317116 0.374399572611
    outer loop
      vertex 120.835037231 134.701583862 119.152633667
      vertex 128.524505615 129.329971313 118.634391785
      vertex 131.571548462 123.540901184 120.003890991
    endloop
  endfacet
  facet normal -0.245680615306 -0.944697439671 -0.21722753346
    outer loop
      vertex 112.248153687 53.7220230103 129.309448242
      vertex 129.122192383 29.0303058624 119.243423462
      vertex 112.546615601 41.2353019714 126.360580444
    endloop
  endfacet
  facet normal -0.704586684704 0.699171543121 -0.121312744915
    outer loop
      vertex 140.896972656 73.4618911743 108.995826721
      vertex 128.220199585 74.3371200562 96.0690155029
      vertex 135.539764404 64.7254257202 105.112991333
    endloop
  endfacet
  facet normal -0.561208605766 0.697558045387 -0.445485919714
    outer loop
      vertex 122.251617432 40.8959999084 104.457435608
      vertex 132.19380188 32.1937599182 118.013816833
      vertex 130.547058105 44.4034767151 108.891387939
    endloop
  endfacet
  facet normal -0.548607826233 0.684928417206 0.479481518269
    outer loop
      vertex 128.524505615 129.329971313 118.634391785
      vertex 123.990608215 124.965499878 111.947540283
      vertex 137.350997925 119.261245728 118.655578613
    endloop
  endfacet
  facet normal -0.549102962017 0.677450418472 0.489435255527
    outer loop
      vertex 123.990608215 124.965499878 111.947540283
      vertex 130.512649536 116.691711426 111.256401062
      vertex 137.350997925 119.261245728 118.655578613
    endloop
  endfacet
  facet normal -0.256279319525 -0.943616569042 -0.209543868899
    outer loop
      vertex 112.248153687 53.7220230103 129.309448242
      vertex 137.369110107 38.5434837341 119.116165161
      vertex 129.122192383 29.0303058624 119.243423462
    endloop
  endfacet
  facet normal -0.272223412991 -0.94959795475 -0.155428722501
    outer loop
      vertex 125.584098816 58.2431564331 126.226409912
      vertex 140.996963501 46.6876716614 119.91658783
      vertex 112.248153687 53.7220230103 129.309448242
    endloop
  endfacet
  facet normal -0.636442303658 0.656602680683 -0.40473946929
    outer loop
      vertex 130.547058105 44.4034767151 108.891387939
      vertex 132.19380188 32.1937599182 118.013816833
      vertex 137.369110107 38.5434837341 119.116165161
    endloop
  endfacet
  facet normal -0.625163912773 0.6578373909 -0.420023828745
    outer loop
      vertex 130.547058105 44.4034767151 108.891387939
      vertex 137.369110107 38.5434837341 119.116165161
      vertex 143.552688599 48.2853240967 118.772529602
    endloop
  endfacet
  facet normal -0.274482011795 -0.947851955891 0.161976292729
    outer loop
      vertex 116.909591675 105.283050537 127.6326828
      vertex 142.704421997 106.844070435 119.89617157
      vertex 121.501922607 96.9411239624 127.728355408
    endloop
  endfacet
  facet normal -0.617823600769 0.697238087654 0.363528519869
    outer loop
      vertex 137.350997925 119.261245728 118.655578613
      vertex 130.512649536 116.691711426 111.256401062
      vertex 143.632247925 106.429367065 117.531074524
    endloop
  endfacet
  facet normal -0.631453812122 0.703463315964 0.326198488474
    outer loop
      vertex 143.632247925 106.429367065 117.531074524
      vertex 127.505363464 107.520309448 103.560882568
      vertex 133.568283081 101.307151794 106.122116089
    endloop
  endfacet
  facet normal -0.675767421722 0.699911057949 0.231220513582
    outer loop
      vertex 143.632247925 106.429367065 117.531074524
      vertex 133.568283081 101.307151794 106.122116089
      vertex 137.665908813 93.3431167603 107.447418213
    endloop
  endfacet
  facet normal -0.873526930809 -0.271885693073 0.403768360615
    outer loop
      vertex 137.350997925 119.261245728 118.655578613
      vertex 143.632247925 106.429367065 117.531074524
      vertex 142.704421997 106.844070435 119.89617157
    endloop
  endfacet
  facet normal -0.305723935366 -0.947396337986 0.0947261154652
    outer loop
      vertex 121.501922607 96.9411239624 127.728355408
      vertex 142.704421997 106.844070435 119.89617157
      vertex 123.86089325 86.8127593994 127.979804993
    endloop
  endfacet
  facet normal -0.332841306925 -0.940243422985 -0.0718262121081
    outer loop
      vertex 116.678413391 71.2298660278 130.371047974
      vertex 146.112854004 57.4819450378 118.901191711
      vertex 125.584098816 58.2431564331 126.226409912
    endloop
  endfacet
  facet normal -0.332981467247 -0.940379321575 -0.0693549141288
    outer loop
      vertex 125.584098816 58.2431564331 126.226409912
      vertex 146.112854004 57.4819450378 118.901191711
      vertex 140.996963501 46.6876716614 119.91658783
    endloop
  endfacet
  facet normal -0.478494733572 -0.865982294083 -0.145318448544
    outer loop
      vertex 140.996963501 46.6876716614 119.91658783
      vertex 146.112854004 57.4819450378 118.901191711
      vertex 143.552688599 48.2853240967 118.772529602
    endloop
  endfacet
  facet normal -0.325807452202 -0.944199800491 0.048334851861
    outer loop
      vertex 123.86089325 86.8127593994 127.979804993
      vertex 148.276031494 91.7303848267 119.303329468
      vertex 130.932601929 80.1974716187 125.87828064
    endloop
  endfacet
  facet normal -0.731140255928 0.653947770596 -0.194386824965
    outer loop
      vertex 146.112854004 57.4819450378 118.901191711
      vertex 139.448043823 51.3635025024 113.268371582
      vertex 143.552688599 48.2853240967 118.772529602
    endloop
  endfacet
  facet normal -0.783836483955 0.564566671848 -0.258582353592
    outer loop
      vertex 148.295806885 68.1462478638 117.047523499
      vertex 146.112854004 57.4819450378 118.901191711
      vertex 149.575271606 68.3359603882 118.737030029
    endloop
  endfacet
  facet normal -0.79262560606 0.603588461876 0.0861716940999
    outer loop
      vertex 146.702636719 100.872627258 118.542366028
      vertex 142.318054199 88.4052581787 111.004653931
      vertex 148.276031494 91.7303848267 119.303329468
    endloop
  endfacet
  facet normal -0.522043585777 -0.837856411934 0.159584403038
    outer loop
      vertex 142.704421997 106.844070435 119.89617157
      vertex 146.702636719 100.872627258 118.542366028
      vertex 148.276031494 91.7303848267 119.303329468
    endloop
  endfacet
  facet normal -0.640263736248 0.73602861166 0.219827786088
    outer loop
      vertex 146.702636719 100.872627258 118.542366028
      vertex 143.632247925 106.429367065 117.531074524
      vertex 142.318054199 88.4052581787 111.004653931
    endloop
  endfacet
  facet normal -0.721167385578 0.686651527882 0.091800391674
    outer loop
      vertex 150.171890259 83.5393753052 118.602752686
      vertex 142.318054199 88.4052581787 111.004653931
      vertex 145.214187622 81.8566513062 113.170875549
    endloop
  endfacet
  facet normal -0.74605178833 0.626275241375 0.226243302226
    outer loop
      vertex 142.318054199 88.4052581787 111.004653931
      vertex 150.171890259 83.5393753052 118.602752686
      vertex 148.276031494 91.7303848267 119.303329468
    endloop
  endfacet
  facet normal -0.745715498924 0.664137005806 -0.0532016828656
    outer loop
      vertex 150.171890259 83.5393753052 118.602752686
      vertex 145.214187622 81.8566513062 113.170875549
      vertex 140.896972656 73.4618911743 108.995826721
    endloop
  endfacet
  facet normal -0.737026274204 0.67496329546 -0.0348836705089
    outer loop
      vertex 150.171890259 83.5393753052 118.602752686
      vertex 140.896972656 73.4618911743 108.995826721
      vertex 149.575271606 68.3359603882 118.737030029
    endloop
  endfacet
  facet normal -0.777695059776 0.607220947742 0.162705436349
    outer loop
      vertex 149.575271606 68.3359603882 118.737030029
      vertex 140.896972656 73.4618911743 108.995826721
      vertex 148.295806885 68.1462478638 117.047523499
    endloop
  endfacet
  facet normal -0.66399204731 -0.74748647213 -0.0194543022662
    outer loop
      vertex 148.395095825 74.321395874 119.941162109
      vertex 150.171890259 83.5393753052 118.602752686
      vertex 149.575271606 68.3359603882 118.737030029
    endloop
  endfacet
  facet normal -0.477498263121 -0.87791800499 0.0354308634996
    outer loop
      vertex 148.276031494 91.7303848267 119.303329468
      vertex 150.171890259 83.5393753052 118.602752686
      vertex 148.395095825 74.321395874 119.941162109
    endloop
  endfacet
  facet normal -0.694625258446 0.710914134979 -0.109985500574
    outer loop
      vertex 140.896972656 73.4618911743 108.995826721
      vertex 135.539764404 64.7254257202 105.112991333
      vertex 148.295806885 68.1462478638 117.047523499
    endloop
  endfacet
  facet normal -0.696020841599 0.669726252556 -0.258885473013
    outer loop
      vertex 148.295806885 68.1462478638 117.047523499
      vertex 135.539764404 64.7254257202 105.112991333
      vertex 146.112854004 57.4819450378 118.901191711
    endloop
  endfacet
  facet normal -0.716049075127 0.671435654163 0.190913334489
    outer loop
      vertex 143.632247925 106.429367065 117.531074524
      vertex 137.665908813 93.3431167603 107.447418213
      vertex 142.318054199 88.4052581787 111.004653931
    endloop
  endfacet
  facet normal -0.332755893469 -0.942294716835 0.0367995426059
    outer loop
      vertex 148.276031494 91.7303848267 119.303329468
      vertex 148.395095825 74.321395874 119.941162109
      vertex 130.932601929 80.1974716187 125.87828064
    endloop
  endfacet
  facet normal -0.314438670874 -0.948964774609 -0.0243749264628
    outer loop
      vertex 130.932601929 80.1974716187 125.87828064
      vertex 148.395095825 74.321395874 119.941162109
      vertex 116.678413391 71.2298660278 130.371047974
    endloop
  endfacet
  facet normal -0.319689542055 -0.942069411278 -0.101507730782
    outer loop
      vertex 116.678413391 71.2298660278 130.371047974
      vertex 148.395095825 74.321395874 119.941162109
      vertex 146.112854004 57.4819450378 118.901191711
    endloop
  endfacet
  facet normal -0.384194940329 -0.916831731796 -0.108691513538
    outer loop
      vertex 148.395095825 74.321395874 119.941162109
      vertex 149.575271606 68.3359603882 118.737030029
      vertex 146.112854004 57.4819450378 118.901191711
    endloop
  endfacet
  facet normal -0.31929937005 -0.944213986397 0.0806713998318
    outer loop
      vertex 123.86089325 86.8127593994 127.979804993
      vertex 142.704421997 106.844070435 119.89617157
      vertex 148.276031494 91.7303848267 119.303329468
    endloop
  endfacet
  facet normal -0.831153988838 -0.237940311432 0.502560853958
    outer loop
      vertex 142.704421997 106.844070435 119.89617157
      vertex 143.632247925 106.429367065 117.531074524
      vertex 146.702636719 100.872627258 118.542366028
    endloop
  endfacet
  facet normal -0.729059517384 0.658018052578 -0.188373014331
    outer loop
      vertex 135.539764404 64.7254257202 105.112991333
      vertex 139.448043823 51.3635025024 113.268371582
      vertex 146.112854004 57.4819450378 118.901191711
    endloop
  endfacet
  facet normal -0.629045367241 0.679885089397 -0.37690615654
    outer loop
      vertex 139.448043823 51.3635025024 113.268371582
      vertex 130.547058105 44.4034767151 108.891387939
      vertex 143.552688599 48.2853240967 118.772529602
    endloop
  endfacet
  facet normal -0.621614694595 0.688389062881 0.373785614967
    outer loop
      vertex 130.512649536 116.691711426 111.256401062
      vertex 127.505363464 107.520309448 103.560882568
      vertex 143.632247925 106.429367065 117.531074524
    endloop
  endfacet
  facet normal -0.546298503876 -0.77428072691 -0.31944835186
    outer loop
      vertex 140.996963501 46.6876716614 119.91658783
      vertex 143.552688599 48.2853240967 118.772529602
      vertex 137.369110107 38.5434837341 119.116165161
    endloop
  endfacet
  facet normal -0.273017048836 -0.945784330368 0.175936564803
    outer loop
      vertex 131.571548462 123.540901184 120.003890991
      vertex 142.704421997 106.844070435 119.89617157
      vertex 116.909591675 105.283050537 127.6326828
    endloop
  endfacet
  facet normal -0.397344350815 -0.880286097527 0.259256273508
    outer loop
      vertex 131.571548462 123.540901184 120.003890991
      vertex 137.350997925 119.261245728 118.655578613
      vertex 142.704421997 106.844070435 119.89617157
    endloop
  endfacet
  facet normal -0.25756624341 -0.943721294403 -0.207484275103
    outer loop
      vertex 112.248153687 53.7220230103 129.309448242
      vertex 140.996963501 46.6876716614 119.91658783
      vertex 137.369110107 38.5434837341 119.116165161
    endloop
  endfacet
  facet normal -0.740846216679 -0.205432474613 -0.639487564564
    outer loop
      vertex 129.122192383 29.0303058624 119.243423462
      vertex 137.369110107 38.5434837341 119.116165161
      vertex 132.19380188 32.1937599182 118.013816833
    endloop
  endfacet
  facet normal -0.4996291399 -0.746431469917 0.439557522535
    outer loop
      vertex 128.524505615 129.329971313 118.634391785
      vertex 137.350997925 119.261245728 118.655578613
      vertex 131.571548462 123.540901184 120.003890991
    endloop
  endfacet
  facet normal -0.712456524372 0.701565384865 -0.0145495599136
    outer loop
      vertex 145.214187622 81.8566513062 113.170875549
      vertex 127.491294861 87.2880706787 95.0602111816
      vertex 128.220199585 74.3371200562 96.0690155029
    endloop
  endfacet
  facet normal -0.713237941265 0.700682401657 -0.0183237474412
    outer loop
      vertex 145.214187622 81.8566513062 113.170875549
      vertex 128.220199585 74.3371200562 96.0690155029
      vertex 140.896972656 73.4618911743 108.995826721
    endloop
  endfacet
  facet normal -0.725615978241 0.6814417243 0.0954911634326
    outer loop
      vertex 142.318054199 88.4052581787 111.004653931
      vertex 127.491294861 87.2880706787 95.0602111816
      vertex 145.214187622 81.8566513062 113.170875549
    endloop
  endfacet
  facet normal -0.712887763977 0.666815698147 0.217135563493
    outer loop
      vertex 133.568283081 101.307151794 106.122116089
      vertex 123.333457947 99.2532348633 94.5113220215
      vertex 127.491294861 87.2880706787 95.0602111816
    endloop
  endfacet
  facet normal -0.713199079037 0.676154911518 0.184828534722
    outer loop
      vertex 137.665908813 93.3431167603 107.447418213
      vertex 127.491294861 87.2880706787 95.0602111816
      vertex 142.318054199 88.4052581787 111.004653931
    endloop
  endfacet
  facet normal -0.689000248909 0.683609604836 0.240741759539
    outer loop
      vertex 133.568283081 101.307151794 106.122116089
      vertex 127.491294861 87.2880706787 95.0602111816
      vertex 137.665908813 93.3431167603 107.447418213
    endloop
  endfacet
  facet normal -0.22689396143 -0.9499553442 0.214718461037
    outer loop
      vertex 107.864318848 112.949615479 128.060241699
      vertex 131.571548462 123.540901184 120.003890991
      vertex 116.909591675 105.283050537 127.6326828
    endloop
  endfacet
  facet normal -0.24104359746 -0.944456160069 -0.223384350538
    outer loop
      vertex 112.546615601 41.2353019714 126.360580444
      vertex 129.122192383 29.0303058624 119.243423462
      vertex 121.696624756 24.0386199951 119.957931519
    endloop
  endfacet
  facet normal -0.201593607664 -0.942704558372 0.26583468914
    outer loop
      vertex 120.835037231 134.701583862 119.152633667
      vertex 131.571548462 123.540901184 120.003890991
      vertex 107.864318848 112.949615479 128.060241699
    endloop
  endfacet
  facet normal -0.391843408346 0.67425185442 0.625973761082
    outer loop
      vertex 120.835037231 134.701583862 119.152633667
      vertex 123.990608215 124.965499878 111.947540283
      vertex 128.524505615 129.329971313 118.634391785
    endloop
  endfacet
  facet normal -0.170109838247 -0.948100507259 -0.268641114235
    outer loop
      vertex 99.0069351196 42.3504714966 129.217559814
      vertex 121.696624756 24.0386199951 119.957931519
      vertex 109.97114563 16.4970703125 119.924865723
    endloop
  endfacet
  facet normal -0.451219797134 -0.548497319221 -0.703954100609
    outer loop
      vertex 109.97114563 16.4970703125 119.924865723
      vertex 121.696624756 24.0386199951 119.957931519
      vertex 111.432174683 15.9971857071 118.081390381
    endloop
  endfacet
  facet normal -0.586845755577 -0.441057860851 -0.679028749466
    outer loop
      vertex 104.555961609 37.2456970215 95.0907821655
      vertex 117.59046936 48.6855049133 95.3599319458
      vertex 112.858078003 42.5031661987 92.1385879517
    endloop
  endfacet
  facet normal -0.580530107021 -0.288902163506 -0.761262357235
    outer loop
      vertex 108.416107178 34.789478302 80.7387390137
      vertex 112.858078003 42.5031661987 92.1385879517
      vertex 120.437614441 31.4054527283 47.6653251648
    endloop
  endfacet
  facet normal -0.284457474947 -0.285782188177 -0.915102422237
    outer loop
      vertex 92.9618225098 26.3931064606 75.5308532715
      vertex 103.146499634 19.0258636475 41.8027534485
      vertex 95.553817749 11.6145343781 25.6284408569
    endloop
  endfacet
  facet normal -0.267312914133 -0.294875472784 -0.917383372784
    outer loop
      vertex 95.553817749 11.6145343781 25.6284408569
      vertex 103.146499634 19.0258636475 41.8027534485
      vertex 102.041000366 9.97211265564 14.6379098892
    endloop
  endfacet
  facet normal -0.24893245101 -0.278969436884 0.927474379539
    outer loop
      vertex 94.1393127441 153.427749634 0.00141041597817
      vertex 103.151702881 146.177856445 16.0626983643
      vertex 94.434211731 148.080703735 17.515291214
    endloop
  endfacet
  facet normal -0.249456807971 -0.284506499767 0.925649702549
    outer loop
      vertex 94.434211731 148.080703735 17.515291214
      vertex 103.151702881 146.177856445 16.0626983643
      vertex 95.1776428223 136.875976562 53.3183364868
    endloop
  endfacet
  facet normal -0.517345607281 -0.285922497511 0.806598961353
    outer loop
      vertex 115.054573059 141.109802246 15.1663637161
      vertex 116.376739502 128.048355103 49.6209411621
      vertex 107.831108093 127.149131775 67.6200714111
    endloop
  endfacet
  facet normal -0.574638128281 -0.27554756403 0.770626068115
    outer loop
      vertex 124.205551147 128.385726929 32.3508529663
      vertex 116.376739502 128.048355103 49.6209411621
      vertex 131.148651123 134.775894165 8.0831523519e-07
    endloop
  endfacet
  facet normal -0.67031955719 -0.280947834253 -0.686833322048
    outer loop
      vertex 120.437614441 31.4054527283 47.6653251648
      vertex 126.472000122 36.4981269836 45.7178192139
      vertex 128.698394775 19.970205307 8.0831523519e-07
    endloop
  endfacet
  facet normal -0.905835449696 -0.28827509284 -0.310418486595
    outer loop
      vertex 141.654708862 59.5616073608 39.3805351257
      vertex 131.547241211 56.8038253784 68.1712112427
      vertex 133.948822021 63.3078689575 67.6284713745
    endloop
  endfacet
  facet normal -0.856442272663 -0.287455409765 -0.428807646036
    outer loop
      vertex 141.612686157 43.98254776 19.1930656433
      vertex 126.591262817 52.1003494263 76.0573806763
      vertex 144.634841919 49.5550346375 18.501543045
    endloop
  endfacet
  facet normal -0.808748662472 -0.286934733391 -0.513414084911
    outer loop
      vertex 132.165679932 41.3854980469 41.1732902527
      vertex 126.591262817 52.1003494263 76.0573806763
      vertex 141.612686157 43.98254776 19.1930656433
    endloop
  endfacet
  facet normal -0.950186669827 -0.284653514624 -0.12695543468
    outer loop
      vertex 132.234970093 74.2870559692 79.8916702271
      vertex 133.472991943 69.0512313843 73.4239273071
      vertex 126.563667297 66.5750198364 95.3831939697
    endloop
  endfacet
  facet normal -0.941137731075 -0.273764014244 -0.198275193572
    outer loop
      vertex 126.563667297 66.5750198364 95.3831939697
      vertex 133.472991943 69.0512313843 73.4239273071
      vertex 133.948822021 63.3078689575 67.6284713745
    endloop
  endfacet
  facet normal -0.697494029999 0.684048712254 -0.21349337697
    outer loop
      vertex 126.563667297 66.5750198364 95.3831939697
      vertex 139.448043823 51.3635025024 113.268371582
      vertex 135.539764404 64.7254257202 105.112991333
    endloop
  endfacet
  facet normal -0.848089575768 -0.256433576345 -0.463665783405
    outer loop
      vertex 131.547241211 56.8038253784 68.1712112427
      vertex 126.591262817 52.1003494263 76.0573806763
      vertex 123.786712646 57.6011810303 95.2789535522
    endloop
  endfacet
  facet normal -0.657840251923 0.214281961322 -0.722031474113
    outer loop
      vertex 132.19380188 32.1937599182 118.013816833
      vertex 120.770805359 21.8302001953 117.865943909
      vertex 129.122192383 29.0303058624 119.243423462
    endloop
  endfacet
  facet normal -0.508469223976 0.697254657745 -0.505267202854
    outer loop
      vertex 119.692077637 31.7368602753 109.228096008
      vertex 132.19380188 32.1937599182 118.013816833
      vertex 122.251617432 40.8959999084 104.457435608
    endloop
  endfacet
  facet normal -0.722815990448 0.684649467468 -0.0937663540244
    outer loop
      vertex 128.220199585 74.3371200562 96.0690155029
      vertex 126.563667297 66.5750198364 95.3831939697
      vertex 135.539764404 64.7254257202 105.112991333
    endloop
  endfacet
  facet normal -0.946023762226 -0.235466450453 -0.222698494792
    outer loop
      vertex 132.234970093 74.2870559692 79.8916702271
      vertex 126.563667297 66.5750198364 95.3831939697
      vertex 128.220199585 74.3371200562 96.0690155029
    endloop
  endfacet
  facet normal -0.957414031029 -0.238109320402 -0.163286089897
    outer loop
      vertex 141.254043579 83.1676177979 49.7168045044
      vertex 132.234970093 74.2870559692 79.8916702271
      vertex 128.220199585 74.3371200562 96.0690155029
    endloop
  endfacet
  facet normal -0.956030547619 -0.283282250166 0.075873427093
    outer loop
      vertex 127.491294861 87.2880706787 95.0602111816
      vertex 141.254043579 83.1676177979 49.7168045044
      vertex 128.220199585 74.3371200562 96.0690155029
    endloop
  endfacet
  facet normal -0.91258007288 -0.28182259202 0.296266108751
    outer loop
      vertex 127.491294861 87.2880706787 95.0602111816
      vertex 129.854537964 96.8361434937 77.3702926636
      vertex 138.40965271 92.3364715576 54.3979187012
    endloop
  endfacet
  facet normal -0.868251085281 -0.271786600351 0.415056765079
    outer loop
      vertex 126.138420105 106.327064514 74.7478485107
      vertex 129.854537964 96.8361434937 77.3702926636
      vertex 123.333457947 99.2532348633 94.5113220215
    endloop
  endfacet
  facet normal -0.660662889481 0.649080514908 0.377119332552
    outer loop
      vertex 127.505363464 107.520309448 103.560882568
      vertex 123.333457947 99.2532348633 94.5113220215
      vertex 133.568283081 101.307151794 106.122116089
    endloop
  endfacet
  facet normal -0.80806773901 -0.299424946308 0.507317602634
    outer loop
      vertex 121.782287598 108.516990662 83.0018768311
      vertex 123.333457947 99.2532348633 94.5113220215
      vertex 116.40586853 109.813591003 95.3145599365
    endloop
  endfacet
  facet normal -0.599742293358 0.698861896992 0.389745026827
    outer loop
      vertex 130.512649536 116.691711426 111.256401062
      vertex 116.40586853 109.813591003 95.3145599365
      vertex 127.505363464 107.520309448 103.560882568
    endloop
  endfacet
  facet normal -0.664957344532 -0.276604324579 0.693773567677
    outer loop
      vertex 116.376739502 128.048355103 49.6209411621
      vertex 112.693008423 116.702171326 86.9348983765
      vertex 107.63910675 118.090019226 95.6035385132
    endloop
  endfacet
  facet normal -0.664557337761 -0.276289701462 0.694282054901
    outer loop
      vertex 112.693008423 116.702171326 86.9348983765
      vertex 116.40586853 109.813591003 95.3145599365
      vertex 107.63910675 118.090019226 95.6035385132
    endloop
  endfacet
  facet normal -0.334380328655 0.711838960648 0.617636680603
    outer loop
      vertex 104.009689331 131.824569702 106.42024231
      vertex 110.432746887 124.548377991 103.124130249
      vertex 113.949081421 137.649902344 116.143615723
    endloop
  endfacet
  facet normal -0.282659143209 0.700813829899 -0.654953241348
    outer loop
      vertex 100.619262695 15.0498123169 114.60559845
      vertex 111.432174683 15.9971857071 118.081390381
      vertex 102.097473145 29.5978469849 101.605781555
    endloop
  endfacet
  facet normal -0.27935180068 0.685892879963 -0.671947598457
    outer loop
      vertex 100.619262695 15.0498123169 114.60559845
      vertex 102.973503113 11.9431591034 118.607933044
      vertex 111.432174683 15.9971857071 118.081390381
    endloop
  endfacet
  facet normal -0.395502626896 -0.518942952156 -0.757809937
    outer loop
      vertex 102.973503113 11.9431591034 118.607933044
      vertex 109.97114563 16.4970703125 119.924865723
      vertex 111.432174683 15.9971857071 118.081390381
    endloop
  endfacet
  facet normal -0.30360853672 -0.948123693466 0.0942514836788
    outer loop
      vertex 91.2947540283 83.4462966919 138.742797852
      vertex 121.501922607 96.9411239624 127.728355408
      vertex 123.86089325 86.8127593994 127.979804993
    endloop
  endfacet
  facet normal -0.273594230413 -0.948191285133 0.161491453648
    outer loop
      vertex 116.909591675 105.283050537 127.6326828
      vertex 121.501922607 96.9411239624 127.728355408
      vertex 91.2947540283 83.4462966919 138.742797852
    endloop
  endfacet
  facet normal -0.289827466011 0.692259013653 0.660891413689
    outer loop
      vertex 103.074996948 144.277160645 117.917938232
      vertex 113.949081421 137.649902344 116.143615723
      vertex 110.508956909 141.913040161 118.77331543
    endloop
  endfacet
  facet normal -0.485929131508 -0.27220210433 0.830529272556
    outer loop
      vertex 107.831108093 127.149131775 67.6200714111
      vertex 116.376739502 128.048355103 49.6209411621
      vertex 107.63910675 118.090019226 95.6035385132
    endloop
  endfacet
  facet normal -0.273572027683 -0.948414385319 -0.160213813186
    outer loop
      vertex 87.0912628174 73.3737487793 139.885726929
      vertex 125.584098816 58.2431564331 126.226409912
      vertex 112.248153687 53.7220230103 129.309448242
    endloop
  endfacet
  facet normal -0.469920933247 -0.270205974579 -0.840335071087
    outer loop
      vertex 102.152961731 28.9225921631 73.3852005005
      vertex 104.555961609 37.2456970215 95.0907821655
      vertex 108.416107178 34.789478302 80.7387390137
    endloop
  endfacet
  facet normal -0.243838533759 0.698165237904 -0.673133015633
    outer loop
      vertex 88.9248428345 31.1892986298 95.4707641602
      vertex 102.097473145 29.5978469849 101.605781555
      vertex 104.555961609 37.2456970215 95.0907821655
    endloop
  endfacet
  facet normal -0.111947998405 -0.947798609734 -0.298572391272
    outer loop
      vertex 91.2921142578 28.0937004089 125.637664795
      vertex 99.0069351196 42.3504714966 129.217559814
      vertex 96.4676361084 11.7764959335 119.886169434
    endloop
  endfacet
  facet normal -0.294289320707 -0.955653011799 0.0110036814585
    outer loop
      vertex 123.86089325 86.8127593994 127.979804993
      vertex 130.932601929 80.1974716187 125.87828064
      vertex 116.678413391 71.2298660278 130.371047974
    endloop
  endfacet
  facet normal -0.0748140439391 -0.944465696812 0.319980382919
    outer loop
      vertex 92.4213485718 146.961929321 119.203483582
      vertex 107.832946777 140.984191895 120.007919312
      vertex 90.2889099121 114.353904724 130.419845581
    endloop
  endfacet
  facet normal -0.263090670109 -0.59618127346 0.758519053459
    outer loop
      vertex 92.4213485718 146.961929321 119.203483582
      vertex 103.074996948 144.277160645 117.917938232
      vertex 107.832946777 140.984191895 120.007919312
    endloop
  endfacet
  facet normal -0.188666760921 0.351511090994 0.916975915432
    outer loop
      vertex 92.4213485718 146.961929321 119.203483582
      vertex 85.8363113403 147.623901367 117.395965576
      vertex 103.074996948 144.277160645 117.917938232
    endloop
  endfacet
  facet normal -0.159055963159 0.683169484138 0.712727665901
    outer loop
      vertex 85.8363113403 147.623901367 117.395965576
      vertex 94.4927139282 134.806777954 106.039672852
      vertex 103.074996948 144.277160645 117.917938232
    endloop
  endfacet
  facet normal -0.421414524317 -0.281925648451 0.861932575703
    outer loop
      vertex 100.88495636 126.518112183 79.9322052002
      vertex 107.831108093 127.149131775 67.6200714111
      vertex 107.63910675 118.090019226 95.6035385132
    endloop
  endfacet
  facet normal -0.0643581226468 -0.944947719574 0.320829957724
    outer loop
      vertex 92.4213485718 146.961929321 119.203483582
      vertex 90.2889099121 114.353904724 130.419845581
      vertex 83.3874053955 123.993469238 127.617050171
    endloop
  endfacet
  facet normal -0.172967627645 -0.948395967484 0.265758007765
    outer loop
      vertex 102.767860413 124.114295959 125.861183167
      vertex 107.864318848 112.949615479 128.060241699
      vertex 89.1188735962 89.6619338989 138.004653931
    endloop
  endfacet
  facet normal -0.103148430586 0.708878397942 0.697747707367
    outer loop
      vertex 81.4011459351 138.133865356 107.409576416
      vertex 94.4927139282 134.806777954 106.039672852
      vertex 85.8363113403 147.623901367 117.395965576
    endloop
  endfacet
  facet normal -0.230607151985 -0.94803416729 0.219206541777
    outer loop
      vertex 107.864318848 112.949615479 128.060241699
      vertex 116.909591675 105.283050537 127.6326828
      vertex 89.1188735962 89.6619338989 138.004653931
    endloop
  endfacet
  facet normal -0.20537096262 -0.947057247162 -0.24679005146
    outer loop
      vertex 87.0912628174 73.3737487793 139.885726929
      vertex 112.248153687 53.7220230103 129.309448242
      vertex 99.0069351196 42.3504714966 129.217559814
    endloop
  endfacet
  facet normal -0.148132130504 -0.65764349699 -0.738621652126
    outer loop
      vertex 96.4676361084 11.7764959335 119.886169434
      vertex 102.973503113 11.9431591034 118.607933044
      vertex 94.2916488647 9.90092468262 118.269790649
    endloop
  endfacet
  facet normal -0.194561049342 0.670307636261 -0.71612405777
    outer loop
      vertex 94.2916488647 9.90092468262 118.269790649
      vertex 102.973503113 11.9431591034 118.607933044
      vertex 100.619262695 15.0498123169 114.60559845
    endloop
  endfacet
  facet normal -0.185487389565 0.723291158676 -0.665164887905
    outer loop
      vertex 88.5347213745 20.8269329071 106.19367981
      vertex 100.619262695 15.0498123169 114.60559845
      vertex 102.097473145 29.5978469849 101.605781555
    endloop
  endfacet
  facet normal -0.339154958725 -0.402972668409 -0.850051164627
    outer loop
      vertex 96.9137954712 32.7260017395 91.9885940552
      vertex 88.9248428345 31.1892986298 95.4707641602
      vertex 104.555961609 37.2456970215 95.0907821655
    endloop
  endfacet
  facet normal -0.314165383577 -0.274294316769 -0.908879935741
    outer loop
      vertex 96.9137954712 32.7260017395 91.9885940552
      vertex 102.152961731 28.9225921631 73.3852005005
      vertex 92.9618225098 26.3931064606 75.5308532715
    endloop
  endfacet
  facet normal -0.17898029089 -0.287909120321 -0.940783917904
    outer loop
      vertex 92.9618225098 26.3931064606 75.5308532715
      vertex 95.553817749 11.6145343781 25.6284408569
      vertex 88.6730804443 17.4679489136 49.0327529907
    endloop
  endfacet
  facet normal -0.276028960943 -0.287262409925 0.917217731476
    outer loop
      vertex 95.1776428223 136.875976562 53.3183364868
      vertex 99.3095474243 133.743225098 59.3507575989
      vertex 97.0651779175 128.30039978 78.8860778809
    endloop
  endfacet
  facet normal -0.304826289415 -0.952215135098 -0.0191631875932
    outer loop
      vertex 91.2947540283 83.4462966919 138.742797852
      vertex 116.678413391 71.2298660278 130.371047974
      vertex 87.0912628174 73.3737487793 139.885726929
    endloop
  endfacet
  facet normal 0.293523579836 -0.868582963943 -0.399258762598
    outer loop
      vertex 81.2219314575 58.0826301575 136.019515991
      vertex 91.2921142578 28.0937004089 125.637664795
      vertex 96.4676361084 11.7764959335 119.886169434
    endloop
  endfacet
  facet normal -0.24579577148 -0.273446649313 -0.929952323437
    outer loop
      vertex 88.6730804443 17.4679489136 49.0327529907
      vertex 88.9248428345 31.1892986298 95.4707641602
      vertex 92.9618225098 26.3931064606 75.5308532715
    endloop
  endfacet
  facet normal 0.0144610311836 -0.25528383255 0.966758012772
    outer loop
      vertex 79.4053955078 129.368255615 85.3511886597
      vertex 87.9177398682 135.293655396 63.3939361572
      vertex 87.3244781494 128.132324219 90.4802398682
    endloop
  endfacet
  facet normal -0.595088660717 0.803640723228 0.00558131095022
    outer loop
      vertex 83.9656143188 159.49357605 88.2108383179
      vertex 83.4105453491 130.379470825 87.5976104736
      vertex 87.3244781494 128.132324219 90.4802398682
    endloop
  endfacet
  facet normal -0.735179543495 0.67722004652 0.029733594507
    outer loop
      vertex 83.9656143188 159.49357605 88.2108383179
      vertex 87.3244781494 128.132324219 90.4802398682
      vertex 86.8826446533 151.398788452 91.0221099854
    endloop
  endfacet
  facet normal -0.704287409782 0.709877848625 0.00725940661505
    outer loop
      vertex 83.9656143188 159.49357605 88.2108383179
      vertex 86.8826446533 151.398788452 91.0221099854
      vertex 88.0824279785 174.515930176 92.4488525391
    endloop
  endfacet
  facet normal -0.673435509205 0.738859891891 0.0238904785365
    outer loop
      vertex 83.6807174683 175.620956421 88.4726257324
      vertex 83.9656143188 159.49357605 88.2108383179
      vertex 88.0824279785 174.515930176 92.4488525391
    endloop
  endfacet
  facet normal -0.111939325929 -0.284245699644 0.952194273472
    outer loop
      vertex 83.5716705322 143.30430603 38.075553894
      vertex 82.7904510498 154.762329102 8.0831523519e-07
      vertex 94.1393127441 153.427749634 0.00141041597817
    endloop
  endfacet
  facet normal -0.125010162592 -0.278017818928 -0.952406704426
    outer loop
      vertex 82.2974777222 7.73545885086 18.5589008331
      vertex 88.6730804443 17.4679489136 49.0327529907
      vertex 94.3985137939 3.90626239777 8.0831523519e-07
    endloop
  endfacet
  facet normal -0.313698291779 -0.949522078037 0.0011168664787
    outer loop
      vertex 91.2947540283 83.4462966919 138.742797852
      vertex 123.86089325 86.8127593994 127.979804993
      vertex 116.678413391 71.2298660278 130.371047974
    endloop
  endfacet
  facet normal -0.102936312556 0.693886160851 -0.712689340115
    outer loop
      vertex 88.5347213745 20.8269329071 106.19367981
      vertex 85.053237915 8.78182411194 118.048721313
      vertex 94.2916488647 9.90092468262 118.269790649
    endloop
  endfacet
  facet normal -0.297533005476 -0.279793649912 -0.912792205811
    outer loop
      vertex 88.9248428345 31.1892986298 95.4707641602
      vertex 96.9137954712 32.7260017395 91.9885940552
      vertex 92.9618225098 26.3931064606 75.5308532715
    endloop
  endfacet
  facet normal -0.12709531188 -0.287671744823 0.949258506298
    outer loop
      vertex 94.434211731 148.080703735 17.515291214
      vertex 83.5716705322 143.30430603 38.075553894
      vertex 94.1393127441 153.427749634 0.00141041597817
    endloop
  endfacet
  facet normal -0.114434406161 -0.281766891479 0.952634334564
    outer loop
      vertex 83.5716705322 143.30430603 38.075553894
      vertex 94.434211731 148.080703735 17.515291214
      vertex 87.9177398682 135.293655396 63.3939361572
    endloop
  endfacet
  facet normal -0.282739073038 -0.250960439444 0.925784766674
    outer loop
      vertex 87.9177398682 135.293655396 63.3939361572
      vertex 97.0651779175 128.30039978 78.8860778809
      vertex 87.3244781494 128.132324219 90.4802398682
    endloop
  endfacet
  facet normal -0.307259052992 -0.271362453699 0.91211527586
    outer loop
      vertex 87.3244781494 128.132324219 90.4802398682
      vertex 97.0651779175 128.30039978 78.8860778809
      vertex 93.428276062 124.768737793 94.8748703003
    endloop
  endfacet
  facet normal -0.248408809304 0.660619080067 0.708431720734
    outer loop
      vertex 94.4927139282 134.806777954 106.039672852
      vertex 93.428276062 124.768737793 94.8748703003
      vertex 104.009689331 131.824569702 106.42024231
    endloop
  endfacet
  facet normal -0.799158453941 -0.596694648266 0.0728098601103
    outer loop
      vertex 87.7995529175 145.440246582 96.5838165283
      vertex 88.4890899658 129.479110718 97.6079101562
      vertex 86.5300598145 133.304656982 99.7648620605
    endloop
  endfacet
  facet normal -0.861857414246 -0.505382239819 0.0423156544566
    outer loop
      vertex 87.7995529175 145.440246582 96.5838165283
      vertex 86.5300598145 133.304656982 99.7648620605
      vertex 85.5643386841 144.458633423 100.477836609
    endloop
  endfacet
  facet normal -0.867271900177 -0.497834801674 4.56954912806e-05
    outer loop
      vertex 87.7995529175 145.440246582 96.5838165283
      vertex 85.5643386841 144.458633423 100.477836609
      vertex 85.5634613037 164.917892456 100.477478027
    endloop
  endfacet
  facet normal -0.931926846504 -0.360970020294 0.0348281301558
    outer loop
      vertex 87.8042221069 159.342605591 95.2303771973
      vertex 87.7995529175 145.440246582 96.5838165283
      vertex 85.5634613037 164.917892456 100.477478027
    endloop
  endfacet
  facet normal -0.925321400166 -0.378873974085 0.0153232775629
    outer loop
      vertex 87.2283325195 175.837997437 95.9697265625
      vertex 87.8042221069 159.342605591 95.2303771973
      vertex 85.5634613037 164.917892456 100.477478027
    endloop
  endfacet
  facet normal -0.138215228915 0.597497224808 0.789869368076
    outer loop
      vertex 81.4011459351 138.133865356 107.409576416
      vertex 88.4890899658 129.479110718 97.6079101562
      vertex 94.4927139282 134.806777954 106.039672852
    endloop
  endfacet
  facet normal -0.112874090672 -0.952138125896 -0.284064173698
    outer loop
      vertex 81.2219314575 58.0826301575 136.019515991
      vertex 87.0912628174 73.3737487793 139.885726929
      vertex 99.0069351196 42.3504714966 129.217559814
    endloop
  endfacet
  facet normal -0.0374771058559 -0.947432696819 -0.317752689123
    outer loop
      vertex 81.2219314575 58.0826301575 136.019515991
      vertex 96.4676361084 11.7764959335 119.886169434
      vertex 78.2872619629 9.53450107574 119.853393555
    endloop
  endfacet
  facet normal -0.0913069993258 -0.65511995554 -0.749987244606
    outer loop
      vertex 78.2872619629 9.53450107574 119.853393555
      vertex 96.4676361084 11.7764959335 119.886169434
      vertex 85.053237915 8.78182411194 118.048721313
    endloop
  endfacet
  facet normal -0.0455646365881 0.705351829529 -0.707391440868
    outer loop
      vertex 79.4117736816 23.6889724731 102.734031677
      vertex 85.053237915 8.78182411194 118.048721313
      vertex 88.5347213745 20.8269329071 106.19367981
    endloop
  endfacet
  facet normal -0.0374283827841 0.693722724915 -0.719269037247
    outer loop
      vertex 79.4117736816 23.6889724731 102.734031677
      vertex 88.5347213745 20.8269329071 106.19367981
      vertex 88.9248428345 31.1892986298 95.4707641602
    endloop
  endfacet
  facet normal -0.0793918520212 -0.288291960955 0.954245626926
    outer loop
      vertex 83.5716705322 143.30430603 38.075553894
      vertex 87.9177398682 135.293655396 63.3939361572
      vertex 79.4053955078 129.368255615 85.3511886597
    endloop
  endfacet
  facet normal 0.0214947741479 -0.284799277782 -0.958346128464
    outer loop
      vertex 77.6832351685 17.053232193 49.5648422241
      vertex 82.2974777222 7.73545885086 18.5589008331
      vertex 74.927520752 2.38567852974 0.000718910363503
    endloop
  endfacet
  facet normal -0.042248737067 -0.950861632824 0.306720167398
    outer loop
      vertex 83.3874053955 123.993469238 127.617050171
      vertex 90.2889099121 114.353904724 130.419845581
      vertex 79.7535705566 79.9978179932 141.970214844
    endloop
  endfacet
  facet normal -7.96414224169e-06 -0.999304771423 0.0372827574611
    outer loop
      vertex 78.7445068359 151.561477661 102.851715088
      vertex 81.5679931641 153.072479248 102.795318604
      vertex 80.6856536865 137.845092773 103.363441467
    endloop
  endfacet
  facet normal -0.0163208190352 -0.999843537807 0.00682050501928
    outer loop
      vertex 82.7463226318 174.227157593 102.631774902
      vertex 81.5679931641 153.072479248 102.795318604
      vertex 78.7445068359 151.561477661 102.851715088
    endloop
  endfacet
  facet normal -0.367468118668 -0.654631912708 0.660624086857
    outer loop
      vertex 84.4797134399 176.48449707 99.3807601929
      vertex 82.7463226318 174.227157593 102.631774902
      vertex 80.0514755249 176.447616577 101.903701782
    endloop
  endfacet
  facet normal -0.554961919785 -0.831515371799 -0.0244834851474
    outer loop
      vertex 82.7463226318 174.227157593 102.631774902
      vertex 85.5634613037 164.917892456 100.477478027
      vertex 81.5679931641 153.072479248 102.795318604
    endloop
  endfacet
  facet normal -0.501712620258 -0.865034401417 3.63738799933e-05
    outer loop
      vertex 81.5679931641 153.072479248 102.795318604
      vertex 85.5634613037 164.917892456 100.477478027
      vertex 85.5643386841 144.458633423 100.477836609
    endloop
  endfacet
  facet normal -0.506229221821 -0.862394273281 0.002842141781
    outer loop
      vertex 81.5679931641 153.072479248 102.795318604
      vertex 85.5643386841 144.458633423 100.477836609
      vertex 80.6856536865 137.845092773 103.363441467
    endloop
  endfacet
  facet normal -0.518797338009 -0.854841947556 -0.0097243366763
    outer loop
      vertex 80.6856536865 137.845092773 103.363441467
      vertex 85.5643386841 144.458633423 100.477836609
      vertex 86.5300598145 133.304656982 99.7648620605
    endloop
  endfacet
  facet normal -0.564910650253 0.113721363246 0.817278027534
    outer loop
      vertex 80.6856536865 137.845092773 103.363441467
      vertex 86.5300598145 133.304656982 99.7648620605
      vertex 84.3595733643 135.403015137 104.063201904
    endloop
  endfacet
  facet normal -0.259196847677 -0.73778885603 -0.623285353184
    outer loop
      vertex 84.3595733643 135.403015137 104.063201904
      vertex 88.4890899658 129.479110718 97.6079101562
      vertex 81.4011459351 138.133865356 107.409576416
    endloop
  endfacet
  facet normal -0.90454441309 -0.318217396736 0.283790677786
    outer loop
      vertex 86.5300598145 133.304656982 99.7648620605
      vertex 88.4890899658 129.479110718 97.6079101562
      vertex 84.3595733643 135.403015137 104.063201904
    endloop
  endfacet
  facet normal -0.811540067196 -0.573281526566 0.112920448184
    outer loop
      vertex 82.7463226318 174.227157593 102.631774902
      vertex 87.2283325195 175.837997437 95.9697265625
      vertex 85.5634613037 164.917892456 100.477478027
    endloop
  endfacet
  facet normal -0.777637600899 -0.581164002419 0.239850342274
    outer loop
      vertex 84.4797134399 176.48449707 99.3807601929
      vertex 87.2283325195 175.837997437 95.9697265625
      vertex 82.7463226318 174.227157593 102.631774902
    endloop
  endfacet
  facet normal 0.00703944033012 -0.00225921347737 0.999972641468
    outer loop
      vertex 80.0514755249 176.447616577 101.903701782
      vertex 82.1304855347 176.485687256 91.533454895
      vertex 84.4797134399 176.48449707 99.3807601929
    endloop
  endfacet
  facet normal -0.973550915718 -0.227226793766 0.0238041803241
    outer loop
      vertex 88.0824279785 174.515930176 92.4488525391
      vertex 87.8042221069 159.342605591 95.2303771973
      vertex 87.2283325195 175.837997437 95.9697265625
    endloop
  endfacet
  facet normal -0.604468226433 -0.792900383472 0.0769879594445
    outer loop
      vertex 87.8042221069 159.342605591 95.2303771973
      vertex 88.4890899658 129.479110718 97.6079101562
      vertex 87.7995529175 145.440246582 96.5838165283
    endloop
  endfacet
  facet normal -0.301025003195 0.653285562992 0.694695532322
    outer loop
      vertex 88.4890899658 129.479110718 97.6079101562
      vertex 93.428276062 124.768737793 94.8748703003
      vertex 94.4927139282 134.806777954 106.039672852
    endloop
  endfacet
  facet normal -0.596131324768 0.242051690817 0.765531480312
    outer loop
      vertex 87.3244781494 128.132324219 90.4802398682
      vertex 93.428276062 124.768737793 94.8748703003
      vertex 88.4890899658 129.479110718 97.6079101562
    endloop
  endfacet
  facet normal -0 -1 0
    outer loop
      vertex 158.395980835 79.949760437 8.0831523519e-07
      vertex 156.985580444 63.881690979 8.0831523519e-07
      vertex 155.66394043 98.291847229 8.0831523519e-07
    endloop
  endfacet
  facet normal 0 -1 0
    outer loop
      vertex 155.66394043 98.291847229 8.0831523519e-07
      vertex 156.985580444 63.881690979 8.0831523519e-07
      vertex 156.295196533 77.8915710449 8.0831523519e-07
    endloop
  endfacet
  facet normal -0.00262073660269 -0.999996542931 8.10966084828e-05
    outer loop
      vertex 155.66394043 98.291847229 8.0831523519e-07
      vertex 156.295196533 77.8915710449 8.0831523519e-07
      vertex 154.897613525 92.4909515381 0.00247959024273
    endloop
  endfacet
  facet normal -4.80697162857e-05 -1 0.000113339323434
    outer loop
      vertex 148.062820435 117.260177612 8.0831523519e-07
      vertex 154.897613525 92.4909515381 0.00247959024273
      vertex 146.532073975 115.375061035 0.000288049137453
    endloop
  endfacet
  facet normal -0.000801961112302 -0.999999642372 0.000321366911521
    outer loop
      vertex 148.062820435 117.260177612 8.0831523519e-07
      vertex 155.66394043 98.291847229 8.0831523519e-07
      vertex 154.897613525 92.4909515381 0.00247959024273
    endloop
  endfacet
  facet normal -9.68740641838e-05 -1 7.37095469958e-05
    outer loop
      vertex 146.532073975 115.375061035 0.000288049137453
      vertex 136.479782104 132.483383179 8.0831523519e-07
      vertex 148.062820435 117.260177612 8.0831523519e-07
    endloop
  endfacet
  facet normal -9.66090465226e-06 -1 2.24659634114e-05
    outer loop
      vertex 136.479782104 132.483383179 8.0831523519e-07
      vertex 146.532073975 115.375061035 0.000288049137453
      vertex 131.148651123 134.775894165 8.0831523519e-07
    endloop
  endfacet
  facet normal 0 -1 0
    outer loop
      vertex 136.479782104 132.483383179 8.0831523519e-07
      vertex 131.148651123 134.775894165 8.0831523519e-07
      vertex 114.978645325 148.412811279 8.0831523519e-07
    endloop
  endfacet
  facet normal -0.000596714555286 -0.999999582767 0.000707556318957
    outer loop
      vertex 114.978645325 148.412811279 8.0831523519e-07
      vertex 131.148651123 134.775894165 8.0831523519e-07
      vertex 112.012931824 147.500839233 0.00241575879045
    endloop
  endfacet
  facet normal -0.000437145616161 -0.999999165535 0.00122647511307
    outer loop
      vertex 114.978645325 148.412811279 8.0831523519e-07
      vertex 112.012931824 147.500839233 0.00241575879045
      vertex 95.7268753052 155.274612427 8.0831523519e-07
    endloop
  endfacet
  facet normal -0.000153181419591 -0.999999761581 0.000631569477264
    outer loop
      vertex 95.7268753052 155.274612427 8.0831523519e-07
      vertex 112.012931824 147.500839233 0.00241575879045
      vertex 94.1393127441 153.427749634 0.00141041597817
    endloop
  endfacet
  facet normal -7.37866866984e-05 -0.999999761581 0.000699817202985
    outer loop
      vertex 95.7268753052 155.274612427 8.0831523519e-07
      vertex 94.1393127441 153.427749634 0.00141041597817
      vertex 80.6338272095 156.865982056 8.0831523519e-07
    endloop
  endfacet
  facet normal 0.000141233977047 -1 -0.000144791280036
    outer loop
      vertex 80.6338272095 156.865982056 8.0831523519e-07
      vertex 94.1393127441 153.427749634 0.00141041597817
      vertex 82.7904510498 154.762329102 8.0831523519e-07
    endloop
  endfacet
  facet normal 0 -1 0
    outer loop
      vertex 80.6338272095 156.865982056 8.0831523519e-07
      vertex 82.7904510498 154.762329102 8.0831523519e-07
      vertex 69.4042205811 153.961013794 8.0831523519e-07
    endloop
  endfacet
  facet normal 0 -1 0
    outer loop
      vertex 59.1145019531 153.804473877 8.0831523519e-07
      vertex 80.6338272095 156.865982056 8.0831523519e-07
      vertex 69.4042205811 153.961013794 8.0831523519e-07
    endloop
  endfacet
  facet normal 0 -1 0
    outer loop
      vertex 59.1145019531 153.804473877 8.0831523519e-07
      vertex 69.4042205811 153.961013794 8.0831523519e-07
      vertex 54.6745529175 150.48097229 8.0831523519e-07
    endloop
  endfacet
  facet normal 0 -1 0
    outer loop
      vertex 42.3325805664 144.823379517 8.0831523519e-07
      vertex 59.1145019531 153.804473877 8.0831523519e-07
      vertex 54.6745529175 150.48097229 8.0831523519e-07
    endloop
  endfacet
  facet normal -0 -1 -0
    outer loop
      vertex 42.3325805664 144.823379517 8.0831523519e-07
      vertex 35.3030052185 142.49357605 8.0831523519e-07
      vertex 59.1145019531 153.804473877 8.0831523519e-07
    endloop
  endfacet
  facet normal 0 -1 0
    outer loop
      vertex 35.3030052185 142.49357605 8.0831523519e-07
      vertex 42.3325805664 144.823379517 8.0831523519e-07
      vertex 29.265335083 135.283370972 8.0831523519e-07
    endloop
  endfacet
  facet normal 0 -1 0
    outer loop
      vertex 35.3030052185 142.49357605 8.0831523519e-07
      vertex 29.265335083 135.283370972 8.0831523519e-07
      vertex 16.0170650482 123.24066925 8.0831523519e-07
    endloop
  endfacet
  facet normal 0 -1 0
    outer loop
      vertex 16.0170650482 123.24066925 8.0831523519e-07
      vertex 29.265335083 135.283370972 8.0831523519e-07
      vertex 14.8516073227 117.559677124 8.0831523519e-07
    endloop
  endfacet
  facet normal 0 -1 0
    outer loop
      vertex 16.0170650482 123.24066925 8.0831523519e-07
      vertex 14.8516073227 117.559677124 8.0831523519e-07
      vertex 5.5691652298 103.01449585 8.0831523519e-07
    endloop
  endfacet
  facet normal 0.000432508590166 -0.999999880791 0.000276018399745
    outer loop
      vertex 5.5691652298 103.01449585 8.0831523519e-07
      vertex 14.8516073227 117.559677124 8.0831523519e-07
      vertex 5.94422197342 96.3175888062 0.00201149401255
    endloop
  endfacet
  facet normal 0 -1 0
    outer loop
      vertex 5.5691652298 103.01449585 8.0831523519e-07
      vertex 3.68579125404 79.4314498901 8.0831523519e-07
      vertex 2.68421959877 90.852142334 8.0831523519e-07
    endloop
  endfacet
  facet normal 0.00220982846804 -0.99999755621 0.000176479879883
    outer loop
      vertex 5.5691652298 103.01449585 8.0831523519e-07
      vertex 5.94422197342 96.3175888062 0.00201149401255
      vertex 3.68579125404 79.4314498901 8.0831523519e-07
    endloop
  endfacet
  facet normal -0.0429889522493 -0.999073326588 0.00211839028634
    outer loop
      vertex 156.985580444 63.881690979 8.0831523519e-07
      vertex 154.618743896 63.0987129211 0.103503249586
      vertex 156.295196533 77.8915710449 8.0831523519e-07
    endloop
  endfacet
  facet normal -0.0477851256728 -0.998780429363 -0.0124185048044
    outer loop
      vertex 156.985580444 63.881690979 8.0831523519e-07
      vertex 154.024154663 52.4864501953 8.0831523519e-07
      vertex 154.618743896 63.0987129211 0.103503249586
    endloop
  endfacet
  facet normal -0.0137472897768 -0.999850153923 -0.0105218682438
    outer loop
      vertex 154.024154663 52.4864501953 8.0831523519e-07
      vertex 148.660644531 45.4787940979 8.0831523519e-07
      vertex 154.618743896 63.0987129211 0.103503249586
    endloop
  endfacet
  facet normal 0 -1 0
    outer loop
      vertex 154.024154663 52.4864501953 8.0831523519e-07
      vertex 146.892791748 37.8176193237 8.0831523519e-07
      vertex 148.660644531 45.4787940979 8.0831523519e-07
    endloop
  endfacet
  facet normal -0 -1 -0
    outer loop
      vertex 146.892791748 37.8176193237 8.0831523519e-07
      vertex 140.625808716 32.1650123596 8.0831523519e-07
      vertex 148.660644531 45.4787940979 8.0831523519e-07
    endloop
  endfacet
  facet normal 0 -1 0
    outer loop
      vertex 146.892791748 37.8176193237 8.0831523519e-07
      vertex 136.848388672 24.5029716492 8.0831523519e-07
      vertex 140.625808716 32.1650123596 8.0831523519e-07
    endloop
  endfacet
  facet normal -0 -1 -0
    outer loop
      vertex 136.848388672 24.5029716492 8.0831523519e-07
      vertex 128.698394775 19.970205307 8.0831523519e-07
      vertex 140.625808716 32.1650123596 8.0831523519e-07
    endloop
  endfacet
  facet normal 0 -1 0
    outer loop
      vertex 136.848388672 24.5029716492 8.0831523519e-07
      vertex 125.379737854 14.5594711304 8.0831523519e-07
      vertex 128.698394775 19.970205307 8.0831523519e-07
    endloop
  endfacet
  facet normal -0.000430427695392 -0.999999880791 -0.000264001166215
    outer loop
      vertex 125.379737854 14.5594711304 8.0831523519e-07
      vertex 112.772483826 9.61981201172 0.00412324583158
      vertex 128.698394775 19.970205307 8.0831523519e-07
    endloop
  endfacet
  facet normal -0.00137797428761 -0.999995470047 -0.00268238293938
    outer loop
      vertex 107.039932251 5.13807868958 8.0831523519e-07
      vertex 112.772483826 9.61981201172 0.00412324583158
      vertex 125.379737854 14.5594711304 8.0831523519e-07
    endloop
  endfacet
  facet normal -0.000102393038105 -0.999999463558 -0.00105080066714
    outer loop
      vertex 107.039932251 5.13807868958 8.0831523519e-07
      vertex 94.3985137939 3.90626239777 8.0831523519e-07
      vertex 112.772483826 9.61981201172 0.00412324583158
    endloop
  endfacet
  facet normal 0 -1 0
    outer loop
      vertex 107.039932251 5.13807868958 8.0831523519e-07
      vertex 86.3748779297 0.431355923414 8.0831523519e-07
      vertex 94.3985137939 3.90626239777 8.0831523519e-07
    endloop
  endfacet
  facet normal -4.49940671388e-05 -1 -0.000103892292827
    outer loop
      vertex 86.3748779297 0.431355923414 8.0831523519e-07
      vertex 74.927520752 2.38567852974 0.000718910363503
      vertex 94.3985137939 3.90626239777 8.0831523519e-07
    endloop
  endfacet
  facet normal 4.7268185881e-05 -0.999999761581 -0.000644314044621
    outer loop
      vertex 86.3748779297 0.431355923414 8.0831523519e-07
      vertex 64.0708694458 2.06762313843 8.0831523519e-07
      vertex 74.927520752 2.38567852974 0.000718910363503
    endloop
  endfacet
  facet normal 5.74538207729e-05 -0.999999940395 -0.000296633108519
    outer loop
      vertex 64.0708694458 2.06762313843 8.0831523519e-07
      vertex 55.8626480103 6.29347276688 0.00078274164116
      vertex 74.927520752 2.38567852974 0.000718910363503
    endloop
  endfacet
  facet normal 0.000318694859743 -0.999999642372 -0.000804063281976
    outer loop
      vertex 55.8626480103 6.29347276688 0.00078274164116
      vertex 64.0708694458 2.06762313843 8.0831523519e-07
      vertex 38.2089500427 12.3181362152 8.0831523519e-07
    endloop
  endfacet
  facet normal 0.000189859754755 -0.999999880791 -0.000426545680966
    outer loop
      vertex 38.2089500427 12.3181362152 8.0831523519e-07
      vertex 36.0857200623 16.1813220978 0.00124551856425
      vertex 55.8626480103 6.29347276688 0.00078274164116
    endloop
  endfacet
  facet normal 0.000723034143448 -0.999999463558 -0.000719581032172
    outer loop
      vertex 38.2089500427 12.3181362152 8.0831523519e-07
      vertex 24.5242881775 26.0684661865 8.0831523519e-07
      vertex 36.0857200623 16.1813220978 0.00124551856425
    endloop
  endfacet
  facet normal 0 -1 0
    outer loop
      vertex 38.2089500427 12.3181362152 8.0831523519e-07
      vertex 19.9351043701 28.6621646881 8.0831523519e-07
      vertex 24.5242881775 26.0684661865 8.0831523519e-07
    endloop
  endfacet
  facet normal 0 -1 -0
    outer loop
      vertex 19.9351043701 28.6621646881 8.0831523519e-07
      vertex 15.1551198959 38.5240135193 8.0831523519e-07
      vertex 24.5242881775 26.0684661865 8.0831523519e-07
    endloop
  endfacet
  facet normal 0 -1 0
    outer loop
      vertex 19.9351043701 28.6621646881 8.0831523519e-07
      vertex 7.77848863602 48.022190094 8.0831523519e-07
      vertex 15.1551198959 38.5240135193 8.0831523519e-07
    endloop
  endfacet
  facet normal 0 -1 -0
    outer loop
      vertex 7.77848863602 48.022190094 8.0831523519e-07
      vertex 7.01508760452 56.4976882935 8.0831523519e-07
      vertex 15.1551198959 38.5240135193 8.0831523519e-07
    endloop
  endfacet
  facet normal 0 -1 0
    outer loop
      vertex 7.77848863602 48.022190094 8.0831523519e-07
      vertex 4.15680742264 69.6581878662 8.0831523519e-07
      vertex 7.01508760452 56.4976882935 8.0831523519e-07
    endloop
  endfacet
  facet normal 0 -1 0
    outer loop
      vertex 7.77848863602 48.022190094 8.0831523519e-07
      vertex 2.81246209145 65.7073898315 8.0831523519e-07
      vertex 4.15680742264 69.6581878662 8.0831523519e-07
    endloop
  endfacet
  facet normal 0 -1 0
    outer loop
      vertex 2.81246209145 65.7073898315 8.0831523519e-07
      vertex 3.68579125404 79.4314498901 8.0831523519e-07
      vertex 4.15680742264 69.6581878662 8.0831523519e-07
    endloop
  endfacet
  facet normal 0 -1 -0
    outer loop
      vertex 2.81246209145 65.7073898315 8.0831523519e-07
      vertex 2.68421959877 90.852142334 8.0831523519e-07
      vertex 3.68579125404 79.4314498901 8.0831523519e-07
    endloop
  endfacet
endsolid "windmill_hollow"
